<annotation>
	<folder>sim_image</folder>
	<filename>frame1081.jpg</filename>
	<path>C:\Users\mstei\Downloads\Capstone\sim_image\frame1081.jpg</path>
	<source>
		<database>Unknown</database>
	</source>
	<size>
		<width>800</width>
		<height>600</height>
		<depth>3</depth>
	</size>
	<segmented>0</segmented>
	<object>
		<name>Green</name>
		<pose>Unspecified</pose>
		<truncated>0</truncated>
		<difficult>1</difficult>
		<bndbox>
			<xmin>51</xmin>
			<ymin>514</ymin>
			<xmax>63</xmax>
			<ymax>544</ymax>
		</bndbox>
	</object>
	<object>
		<name>Green</name>
		<pose>Unspecified</pose>
		<truncated>0</truncated>
		<difficult>1</difficult>
		<bndbox>
			<xmin>117</xmin>
			<ymin>513</ymin>
			<xmax>131</xmax>
			<ymax>546</ymax>
		</bndbox>
	</object>
	<object>
		<name>Green</name>
		<pose>Unspecified</pose>
		<truncated>0</truncated>
		<difficult>1</difficult>
		<bndbox>
			<xmin>183</xmin>
			<ymin>513</ymin>
			<xmax>199</xmax>
			<ymax>545</ymax>
		</bndbox>
	</object>
</annotation>
