<annotation verified="yes">
	<folder>sim_image</folder>
	<filename>frame1039.jpg</filename>
	<path>C:\Users\mstei\Downloads\Capstone\sim_image\frame1039.jpg</path>
	<source>
		<database>Unknown</database>
	</source>
	<size>
		<width>800</width>
		<height>600</height>
		<depth>3</depth>
	</size>
	<segmented>0</segmented>
	<object>
		<name>Green</name>
		<pose>Unspecified</pose>
		<truncated>0</truncated>
		<difficult>0</difficult>
		<bndbox>
			<xmin>111</xmin>
			<ymin>230</ymin>
			<xmax>146</xmax>
			<ymax>307</ymax>
		</bndbox>
	</object>
	<object>
		<name>Green</name>
		<pose>Unspecified</pose>
		<truncated>0</truncated>
		<difficult>0</difficult>
		<bndbox>
			<xmin>261</xmin>
			<ymin>228</ymin>
			<xmax>299</xmax>
			<ymax>308</ymax>
		</bndbox>
	</object>
	<object>
		<name>Green</name>
		<pose>Unspecified</pose>
		<truncated>0</truncated>
		<difficult>0</difficult>
		<bndbox>
			<xmin>417</xmin>
			<ymin>228</ymin>
			<xmax>452</xmax>
			<ymax>307</ymax>
		</bndbox>
	</object>
</annotation>
