<annotation verified="yes">
	<folder>sim_image</folder>
	<filename>frame1319.jpg</filename>
	<path>C:\Users\mstei\Downloads\Capstone\sim_image\frame1319.jpg</path>
	<source>
		<database>Unknown</database>
	</source>
	<size>
		<width>800</width>
		<height>600</height>
		<depth>3</depth>
	</size>
	<segmented>0</segmented>
	<object>
		<name>Red</name>
		<pose>Unspecified</pose>
		<truncated>0</truncated>
		<difficult>0</difficult>
		<bndbox>
			<xmin>523</xmin>
			<ymin>85</ymin>
			<xmax>587</xmax>
			<ymax>232</ymax>
		</bndbox>
	</object>
	<object>
		<name>Red</name>
		<pose>Unspecified</pose>
		<truncated>0</truncated>
		<difficult>0</difficult>
		<bndbox>
			<xmin>248</xmin>
			<ymin>86</ymin>
			<xmax>309</xmax>
			<ymax>234</ymax>
		</bndbox>
	</object>
	<object>
		<name>Red</name>
		<pose>Unspecified</pose>
		<truncated>1</truncated>
		<difficult>0</difficult>
		<bndbox>
			<xmin>1</xmin>
			<ymin>88</ymin>
			<xmax>34</xmax>
			<ymax>234</ymax>
		</bndbox>
	</object>
</annotation>
