<annotation verified="yes">
	<folder>sim_image</folder>
	<filename>frame1121.jpg</filename>
	<path>C:\Users\mstei\Downloads\Capstone\sim_image\frame1121.jpg</path>
	<source>
		<database>Unknown</database>
	</source>
	<size>
		<width>800</width>
		<height>600</height>
		<depth>3</depth>
	</size>
	<segmented>0</segmented>
	<object>
		<name>Red</name>
		<pose>Unspecified</pose>
		<truncated>0</truncated>
		<difficult>0</difficult>
		<bndbox>
			<xmin>113</xmin>
			<ymin>387</ymin>
			<xmax>151</xmax>
			<ymax>475</ymax>
		</bndbox>
	</object>
	<object>
		<name>Red</name>
		<pose>Unspecified</pose>
		<truncated>0</truncated>
		<difficult>0</difficult>
		<bndbox>
			<xmin>279</xmin>
			<ymin>387</ymin>
			<xmax>316</xmax>
			<ymax>474</ymax>
		</bndbox>
	</object>
	<object>
		<name>Red</name>
		<pose>Unspecified</pose>
		<truncated>0</truncated>
		<difficult>0</difficult>
		<bndbox>
			<xmin>445</xmin>
			<ymin>389</ymin>
			<xmax>481</xmax>
			<ymax>476</ymax>
		</bndbox>
	</object>
</annotation>
