<annotation verified="yes">
	<folder>sim_image</folder>
	<filename>frame1117.jpg</filename>
	<path>C:\Users\mstei\Downloads\Capstone\sim_image\frame1117.jpg</path>
	<source>
		<database>Unknown</database>
	</source>
	<size>
		<width>800</width>
		<height>600</height>
		<depth>3</depth>
	</size>
	<segmented>0</segmented>
	<object>
		<name>Red</name>
		<pose>Unspecified</pose>
		<truncated>0</truncated>
		<difficult>0</difficult>
		<bndbox>
			<xmin>35</xmin>
			<ymin>409</ymin>
			<xmax>70</xmax>
			<ymax>488</ymax>
		</bndbox>
	</object>
	<object>
		<name>Red</name>
		<pose>Unspecified</pose>
		<truncated>0</truncated>
		<difficult>0</difficult>
		<bndbox>
			<xmin>183</xmin>
			<ymin>411</ymin>
			<xmax>219</xmax>
			<ymax>488</ymax>
		</bndbox>
	</object>
	<object>
		<name>Red</name>
		<pose>Unspecified</pose>
		<truncated>0</truncated>
		<difficult>0</difficult>
		<bndbox>
			<xmin>330</xmin>
			<ymin>408</ymin>
			<xmax>367</xmax>
			<ymax>491</ymax>
		</bndbox>
	</object>
</annotation>
