<annotation verified="yes">
	<folder>sim_image</folder>
	<filename>frame1189.jpg</filename>
	<path>C:\Users\mstei\Downloads\Capstone\sim_image\frame1189.jpg</path>
	<source>
		<database>Unknown</database>
	</source>
	<size>
		<width>800</width>
		<height>600</height>
		<depth>3</depth>
	</size>
	<segmented>0</segmented>
	<object>
		<name>Green</name>
		<pose>Unspecified</pose>
		<truncated>0</truncated>
		<difficult>0</difficult>
		<bndbox>
			<xmin>262</xmin>
			<ymin>131</ymin>
			<xmax>347</xmax>
			<ymax>329</ymax>
		</bndbox>
	</object>
	<object>
		<name>Green</name>
		<pose>Unspecified</pose>
		<truncated>0</truncated>
		<difficult>0</difficult>
		<bndbox>
			<xmin>625</xmin>
			<ymin>134</ymin>
			<xmax>712</xmax>
			<ymax>333</ymax>
		</bndbox>
	</object>
</annotation>
