<annotation verified="yes">
	<folder>sim_image</folder>
	<filename>frame1381.jpg</filename>
	<path>C:\Users\mstei\Downloads\Capstone\sim_image\frame1381.jpg</path>
	<source>
		<database>Unknown</database>
	</source>
	<size>
		<width>800</width>
		<height>600</height>
		<depth>3</depth>
	</size>
	<segmented>0</segmented>
	<object>
		<name>Green</name>
		<pose>Unspecified</pose>
		<truncated>0</truncated>
		<difficult>1</difficult>
		<bndbox>
			<xmin>274</xmin>
			<ymin>343</ymin>
			<xmax>291</xmax>
			<ymax>383</ymax>
		</bndbox>
	</object>
	<object>
		<name>Green</name>
		<pose>Unspecified</pose>
		<truncated>0</truncated>
		<difficult>1</difficult>
		<bndbox>
			<xmin>205</xmin>
			<ymin>342</ymin>
			<xmax>219</xmax>
			<ymax>383</ymax>
		</bndbox>
	</object>
	<object>
		<name>Green</name>
		<pose>Unspecified</pose>
		<truncated>0</truncated>
		<difficult>1</difficult>
		<bndbox>
			<xmin>134</xmin>
			<ymin>343</ymin>
			<xmax>151</xmax>
			<ymax>383</ymax>
		</bndbox>
	</object>
</annotation>
