<annotation verified="yes">
	<folder>sim_image</folder>
	<filename>frame106.jpg</filename>
	<path>C:\Users\mstei\Downloads\Capstone\sim_image\frame106.jpg</path>
	<source>
		<database>Unknown</database>
	</source>
	<size>
		<width>800</width>
		<height>600</height>
		<depth>3</depth>
	</size>
	<segmented>0</segmented>
	<object>
		<name>Yellow</name>
		<pose>Unspecified</pose>
		<truncated>0</truncated>
		<difficult>0</difficult>
		<bndbox>
			<xmin>382</xmin>
			<ymin>445</ymin>
			<xmax>395</xmax>
			<ymax>473</ymax>
		</bndbox>
	</object>
	<object>
		<name>Yellow</name>
		<pose>Unspecified</pose>
		<truncated>0</truncated>
		<difficult>0</difficult>
		<bndbox>
			<xmin>436</xmin>
			<ymin>444</ymin>
			<xmax>449</xmax>
			<ymax>474</ymax>
		</bndbox>
	</object>
	<object>
		<name>Yellow</name>
		<pose>Unspecified</pose>
		<truncated>0</truncated>
		<difficult>0</difficult>
		<bndbox>
			<xmin>491</xmin>
			<ymin>444</ymin>
			<xmax>504</xmax>
			<ymax>473</ymax>
		</bndbox>
	</object>
</annotation>
