<annotation verified="yes">
	<folder>sim_image</folder>
	<filename>frame1230.jpg</filename>
	<path>C:\Users\mstei\Downloads\Capstone\sim_image\frame1230.jpg</path>
	<source>
		<database>Unknown</database>
	</source>
	<size>
		<width>800</width>
		<height>600</height>
		<depth>3</depth>
	</size>
	<segmented>0</segmented>
	<object>
		<name>Red</name>
		<pose>Unspecified</pose>
		<truncated>0</truncated>
		<difficult>0</difficult>
		<bndbox>
			<xmin>127</xmin>
			<ymin>16</ymin>
			<xmax>200</xmax>
			<ymax>187</ymax>
		</bndbox>
	</object>
	<object>
		<name>Red</name>
		<pose>Unspecified</pose>
		<truncated>0</truncated>
		<difficult>0</difficult>
		<bndbox>
			<xmin>445</xmin>
			<ymin>11</ymin>
			<xmax>521</xmax>
			<ymax>183</ymax>
		</bndbox>
	</object>
	<object>
		<name>Red</name>
		<pose>Unspecified</pose>
		<truncated>1</truncated>
		<difficult>0</difficult>
		<bndbox>
			<xmin>770</xmin>
			<ymin>3</ymin>
			<xmax>800</xmax>
			<ymax>181</ymax>
		</bndbox>
	</object>
</annotation>
