<annotation verified="yes">
	<folder>sim_image</folder>
	<filename>frame1313.jpg</filename>
	<path>C:\Users\mstei\Downloads\Capstone\sim_image\frame1313.jpg</path>
	<source>
		<database>Unknown</database>
	</source>
	<size>
		<width>800</width>
		<height>600</height>
		<depth>3</depth>
	</size>
	<segmented>0</segmented>
	<object>
		<name>Red</name>
		<pose>Unspecified</pose>
		<truncated>0</truncated>
		<difficult>0</difficult>
		<bndbox>
			<xmin>656</xmin>
			<ymin>91</ymin>
			<xmax>724</xmax>
			<ymax>234</ymax>
		</bndbox>
	</object>
	<object>
		<name>Red</name>
		<pose>Unspecified</pose>
		<truncated>0</truncated>
		<difficult>0</difficult>
		<bndbox>
			<xmin>386</xmin>
			<ymin>92</ymin>
			<xmax>449</xmax>
			<ymax>236</ymax>
		</bndbox>
	</object>
	<object>
		<name>Red</name>
		<pose>Unspecified</pose>
		<truncated>0</truncated>
		<difficult>0</difficult>
		<bndbox>
			<xmin>115</xmin>
			<ymin>97</ymin>
			<xmax>175</xmax>
			<ymax>236</ymax>
		</bndbox>
	</object>
</annotation>
