<annotation verified="yes">
	<folder>sim_image</folder>
	<filename>frame1155.jpg</filename>
	<path>C:\Users\mstei\Downloads\Capstone\sim_image\frame1155.jpg</path>
	<source>
		<database>Unknown</database>
	</source>
	<size>
		<width>800</width>
		<height>600</height>
		<depth>3</depth>
	</size>
	<segmented>0</segmented>
	<object>
		<name>Red</name>
		<pose>Unspecified</pose>
		<truncated>0</truncated>
		<difficult>0</difficult>
		<bndbox>
			<xmin>575</xmin>
			<ymin>209</ymin>
			<xmax>649</xmax>
			<ymax>362</ymax>
		</bndbox>
	</object>
	<object>
		<name>Red</name>
		<pose>Unspecified</pose>
		<truncated>0</truncated>
		<difficult>0</difficult>
		<bndbox>
			<xmin>268</xmin>
			<ymin>205</ymin>
			<xmax>344</xmax>
			<ymax>368</ymax>
		</bndbox>
	</object>
	<object>
		<name>Red</name>
		<pose>Unspecified</pose>
		<truncated>1</truncated>
		<difficult>0</difficult>
		<bndbox>
			<xmin>1</xmin>
			<ymin>202</ymin>
			<xmax>30</xmax>
			<ymax>363</ymax>
		</bndbox>
	</object>
</annotation>
