<annotation verified="yes">
	<folder>sim_image</folder>
	<filename>frame1172.jpg</filename>
	<path>C:\Users\mstei\Downloads\Capstone\sim_image\frame1172.jpg</path>
	<source>
		<database>Unknown</database>
	</source>
	<size>
		<width>800</width>
		<height>600</height>
		<depth>3</depth>
	</size>
	<segmented>0</segmented>
	<object>
		<name>Red</name>
		<pose>Unspecified</pose>
		<truncated>0</truncated>
		<difficult>0</difficult>
		<bndbox>
			<xmin>269</xmin>
			<ymin>179</ymin>
			<xmax>346</xmax>
			<ymax>356</ymax>
		</bndbox>
	</object>
	<object>
		<name>Red</name>
		<pose>Unspecified</pose>
		<truncated>0</truncated>
		<difficult>0</difficult>
		<bndbox>
			<xmin>593</xmin>
			<ymin>183</ymin>
			<xmax>671</xmax>
			<ymax>351</ymax>
		</bndbox>
	</object>
</annotation>
