<annotation verified="yes">
	<folder>sim_image</folder>
	<filename>frame144.jpg</filename>
	<path>C:\Users\mstei\Downloads\Capstone\sim_image\frame144.jpg</path>
	<source>
		<database>Unknown</database>
	</source>
	<size>
		<width>800</width>
		<height>600</height>
		<depth>3</depth>
	</size>
	<segmented>0</segmented>
	<object>
		<name>Red</name>
		<pose>Unspecified</pose>
		<truncated>0</truncated>
		<difficult>0</difficult>
		<bndbox>
			<xmin>478</xmin>
			<ymin>290</ymin>
			<xmax>504</xmax>
			<ymax>349</ymax>
		</bndbox>
	</object>
	<object>
		<name>Red</name>
		<pose>Unspecified</pose>
		<truncated>0</truncated>
		<difficult>0</difficult>
		<bndbox>
			<xmin>586</xmin>
			<ymin>291</ymin>
			<xmax>616</xmax>
			<ymax>350</ymax>
		</bndbox>
	</object>
	<object>
		<name>Red</name>
		<pose>Unspecified</pose>
		<truncated>0</truncated>
		<difficult>0</difficult>
		<bndbox>
			<xmin>695</xmin>
			<ymin>289</ymin>
			<xmax>725</xmax>
			<ymax>351</ymax>
		</bndbox>
	</object>
</annotation>
