<annotation verified="yes">
	<folder>sim_image</folder>
	<filename>frame1077.jpg</filename>
	<path>C:\Users\mstei\Downloads\Capstone\sim_image\frame1077.jpg</path>
	<source>
		<database>Unknown</database>
	</source>
	<size>
		<width>800</width>
		<height>600</height>
		<depth>3</depth>
	</size>
	<segmented>0</segmented>
	<object>
		<name>Green</name>
		<pose>Unspecified</pose>
		<truncated>0</truncated>
		<difficult>1</difficult>
		<bndbox>
			<xmin>191</xmin>
			<ymin>518</ymin>
			<xmax>204</xmax>
			<ymax>547</ymax>
		</bndbox>
	</object>
	<object>
		<name>Green</name>
		<pose>Unspecified</pose>
		<truncated>0</truncated>
		<difficult>1</difficult>
		<bndbox>
			<xmin>127</xmin>
			<ymin>513</ymin>
			<xmax>141</xmax>
			<ymax>549</ymax>
		</bndbox>
	</object>
	<object>
		<name>Green</name>
		<pose>Unspecified</pose>
		<truncated>0</truncated>
		<difficult>1</difficult>
		<bndbox>
			<xmin>63</xmin>
			<ymin>513</ymin>
			<xmax>78</xmax>
			<ymax>551</ymax>
		</bndbox>
	</object>
</annotation>
