<annotation verified="yes">
	<folder>sim_image</folder>
	<filename>frame1228.jpg</filename>
	<path>C:\Users\mstei\Downloads\Capstone\sim_image\frame1228.jpg</path>
	<source>
		<database>Unknown</database>
	</source>
	<size>
		<width>800</width>
		<height>600</height>
		<depth>3</depth>
	</size>
	<segmented>0</segmented>
	<object>
		<name>Yellow</name>
		<pose>Unspecified</pose>
		<truncated>0</truncated>
		<difficult>0</difficult>
		<bndbox>
			<xmin>131</xmin>
			<ymin>30</ymin>
			<xmax>205</xmax>
			<ymax>195</ymax>
		</bndbox>
	</object>
	<object>
		<name>Yellow</name>
		<pose>Unspecified</pose>
		<truncated>0</truncated>
		<difficult>0</difficult>
		<bndbox>
			<xmin>440</xmin>
			<ymin>25</ymin>
			<xmax>510</xmax>
			<ymax>193</ymax>
		</bndbox>
	</object>
	<object>
		<name>Yellow</name>
		<pose>Unspecified</pose>
		<truncated>0</truncated>
		<difficult>0</difficult>
		<bndbox>
			<xmin>753</xmin>
			<ymin>18</ymin>
			<xmax>799</xmax>
			<ymax>189</ymax>
		</bndbox>
	</object>
</annotation>
