<annotation verified="yes">
	<folder>sim_image</folder>
	<filename>frame1090.jpg</filename>
	<path>C:\Users\mstei\Downloads\Capstone\sim_image\frame1090.jpg</path>
	<source>
		<database>Unknown</database>
	</source>
	<size>
		<width>800</width>
		<height>600</height>
		<depth>3</depth>
	</size>
	<segmented>0</segmented>
	<object>
		<name>Yellow</name>
		<pose>Unspecified</pose>
		<truncated>0</truncated>
		<difficult>1</difficult>
		<bndbox>
			<xmin>165</xmin>
			<ymin>498</ymin>
			<xmax>185</xmax>
			<ymax>537</ymax>
		</bndbox>
	</object>
	<object>
		<name>Yellow</name>
		<pose>Unspecified</pose>
		<truncated>0</truncated>
		<difficult>1</difficult>
		<bndbox>
			<xmin>87</xmin>
			<ymin>498</ymin>
			<xmax>104</xmax>
			<ymax>538</ymax>
		</bndbox>
	</object>
	<object>
		<name>Yellow</name>
		<pose>Unspecified</pose>
		<truncated>0</truncated>
		<difficult>1</difficult>
		<bndbox>
			<xmin>10</xmin>
			<ymin>496</ymin>
			<xmax>27</xmax>
			<ymax>540</ymax>
		</bndbox>
	</object>
</annotation>
