<annotation verified="yes">
	<folder>sim_image</folder>
	<filename>frame1068.jpg</filename>
	<path>C:\Users\mstei\Downloads\Capstone\sim_image\frame1068.jpg</path>
	<source>
		<database>Unknown</database>
	</source>
	<size>
		<width>800</width>
		<height>600</height>
		<depth>3</depth>
	</size>
	<segmented>0</segmented>
	<object>
		<name>Green</name>
		<pose>Unspecified</pose>
		<truncated>0</truncated>
		<difficult>1</difficult>
		<bndbox>
			<xmin>161</xmin>
			<ymin>533</ymin>
			<xmax>172</xmax>
			<ymax>556</ymax>
		</bndbox>
	</object>
	<object>
		<name>Green</name>
		<pose>Unspecified</pose>
		<truncated>0</truncated>
		<difficult>1</difficult>
		<bndbox>
			<xmin>107</xmin>
			<ymin>532</ymin>
			<xmax>118</xmax>
			<ymax>556</ymax>
		</bndbox>
	</object>
	<object>
		<name>Green</name>
		<pose>Unspecified</pose>
		<truncated>0</truncated>
		<difficult>1</difficult>
		<bndbox>
			<xmin>52</xmin>
			<ymin>531</ymin>
			<xmax>61</xmax>
			<ymax>554</ymax>
		</bndbox>
	</object>
</annotation>
