<annotation verified="yes">
	<folder>sim_image</folder>
	<filename>frame1185.jpg</filename>
	<path>C:\Users\mstei\Downloads\Capstone\sim_image\frame1185.jpg</path>
	<source>
		<database>Unknown</database>
	</source>
	<size>
		<width>800</width>
		<height>600</height>
		<depth>3</depth>
	</size>
	<segmented>0</segmented>
	<object>
		<name>Red</name>
		<pose>Unspecified</pose>
		<truncated>0</truncated>
		<difficult>0</difficult>
		<bndbox>
			<xmin>266</xmin>
			<ymin>171</ymin>
			<xmax>345</xmax>
			<ymax>355</ymax>
		</bndbox>
	</object>
	<object>
		<name>Red</name>
		<pose>Unspecified</pose>
		<truncated>0</truncated>
		<difficult>0</difficult>
		<bndbox>
			<xmin>597</xmin>
			<ymin>175</ymin>
			<xmax>677</xmax>
			<ymax>366</ymax>
		</bndbox>
	</object>
</annotation>
