<annotation verified="yes">
	<folder>sim_image</folder>
	<filename>frame1223.jpg</filename>
	<path>C:\Users\mstei\Downloads\Capstone\sim_image\frame1223.jpg</path>
	<source>
		<database>Unknown</database>
	</source>
	<size>
		<width>800</width>
		<height>600</height>
		<depth>3</depth>
	</size>
	<segmented>0</segmented>
	<object>
		<name>Yellow</name>
		<pose>Unspecified</pose>
		<truncated>0</truncated>
		<difficult>0</difficult>
		<bndbox>
			<xmin>611</xmin>
			<ymin>85</ymin>
			<xmax>676</xmax>
			<ymax>229</ymax>
		</bndbox>
	</object>
	<object>
		<name>Yellow</name>
		<pose>Unspecified</pose>
		<truncated>0</truncated>
		<difficult>0</difficult>
		<bndbox>
			<xmin>344</xmin>
			<ymin>90</ymin>
			<xmax>404</xmax>
			<ymax>231</ymax>
		</bndbox>
	</object>
	<object>
		<name>Yellow</name>
		<pose>Unspecified</pose>
		<truncated>0</truncated>
		<difficult>0</difficult>
		<bndbox>
			<xmin>82</xmin>
			<ymin>92</ymin>
			<xmax>141</xmax>
			<ymax>232</ymax>
		</bndbox>
	</object>
</annotation>
