<annotation verified="yes">
	<folder>sim_image</folder>
	<filename>frame1222.jpg</filename>
	<path>C:\Users\mstei\Downloads\Capstone\sim_image\frame1222.jpg</path>
	<source>
		<database>Unknown</database>
	</source>
	<size>
		<width>800</width>
		<height>600</height>
		<depth>3</depth>
	</size>
	<segmented>0</segmented>
	<object>
		<name>Yellow</name>
		<pose>Unspecified</pose>
		<truncated>0</truncated>
		<difficult>0</difficult>
		<bndbox>
			<xmin>590</xmin>
			<ymin>98</ymin>
			<xmax>650</xmax>
			<ymax>237</ymax>
		</bndbox>
	</object>
	<object>
		<name>Yellow</name>
		<pose>Unspecified</pose>
		<truncated>0</truncated>
		<difficult>0</difficult>
		<bndbox>
			<xmin>332</xmin>
			<ymin>102</ymin>
			<xmax>391</xmax>
			<ymax>236</ymax>
		</bndbox>
	</object>
	<object>
		<name>Yellow</name>
		<pose>Unspecified</pose>
		<truncated>0</truncated>
		<difficult>0</difficult>
		<bndbox>
			<xmin>80</xmin>
			<ymin>104</ymin>
			<xmax>135</xmax>
			<ymax>238</ymax>
		</bndbox>
	</object>
</annotation>
