<annotation verified="yes">
	<folder>sim_image</folder>
	<filename>frame1003.jpg</filename>
	<path>C:\Users\mstei\Downloads\Capstone\sim_image\frame1003.jpg</path>
	<source>
		<database>Unknown</database>
	</source>
	<size>
		<width>800</width>
		<height>600</height>
		<depth>3</depth>
	</size>
	<segmented>0</segmented>
	<object>
		<name>Red</name>
		<pose>Unspecified</pose>
		<truncated>0</truncated>
		<difficult>0</difficult>
		<bndbox>
			<xmin>672</xmin>
			<ymin>334</ymin>
			<xmax>691</xmax>
			<ymax>372</ymax>
		</bndbox>
	</object>
	<object>
		<name>Red</name>
		<pose>Unspecified</pose>
		<truncated>0</truncated>
		<difficult>0</difficult>
		<bndbox>
			<xmin>742</xmin>
			<ymin>335</ymin>
			<xmax>759</xmax>
			<ymax>370</ymax>
		</bndbox>
	</object>
</annotation>
