<annotation verified="yes">
	<folder>sim_image</folder>
	<filename>frame1058.jpg</filename>
	<path>C:\Users\mstei\Downloads\Capstone\sim_image\frame1058.jpg</path>
	<source>
		<database>Unknown</database>
	</source>
	<size>
		<width>800</width>
		<height>600</height>
		<depth>3</depth>
	</size>
	<segmented>0</segmented>
	<object>
		<name>Green</name>
		<pose>Unspecified</pose>
		<truncated>0</truncated>
		<difficult>0</difficult>
		<bndbox>
			<xmin>13</xmin>
			<ymin>97</ymin>
			<xmax>75</xmax>
			<ymax>235</ymax>
		</bndbox>
	</object>
	<object>
		<name>Green</name>
		<pose>Unspecified</pose>
		<truncated>0</truncated>
		<difficult>0</difficult>
		<bndbox>
			<xmin>276</xmin>
			<ymin>95</ymin>
			<xmax>337</xmax>
			<ymax>235</ymax>
		</bndbox>
	</object>
	<object>
		<name>Green</name>
		<pose>Unspecified</pose>
		<truncated>0</truncated>
		<difficult>0</difficult>
		<bndbox>
			<xmin>540</xmin>
			<ymin>91</ymin>
			<xmax>603</xmax>
			<ymax>232</ymax>
		</bndbox>
	</object>
</annotation>
