<annotation verified="yes">
	<folder>sim_image</folder>
	<filename>frame1036.jpg</filename>
	<path>C:\Users\mstei\Downloads\Capstone\sim_image\frame1036.jpg</path>
	<source>
		<database>Unknown</database>
	</source>
	<size>
		<width>800</width>
		<height>600</height>
		<depth>3</depth>
	</size>
	<segmented>0</segmented>
	<object>
		<name>Green</name>
		<pose>Unspecified</pose>
		<truncated>0</truncated>
		<difficult>0</difficult>
		<bndbox>
			<xmin>88</xmin>
			<ymin>243</ymin>
			<xmax>121</xmax>
			<ymax>316</ymax>
		</bndbox>
	</object>
	<object>
		<name>Green</name>
		<pose>Unspecified</pose>
		<truncated>0</truncated>
		<difficult>0</difficult>
		<bndbox>
			<xmin>229</xmin>
			<ymin>241</ymin>
			<xmax>263</xmax>
			<ymax>318</ymax>
		</bndbox>
	</object>
	<object>
		<name>Green</name>
		<pose>Unspecified</pose>
		<truncated>0</truncated>
		<difficult>0</difficult>
		<bndbox>
			<xmin>371</xmin>
			<ymin>241</ymin>
			<xmax>403</xmax>
			<ymax>315</ymax>
		</bndbox>
	</object>
</annotation>
