<annotation verified="yes">
	<folder>sim_image</folder>
	<filename>frame1440.jpg</filename>
	<path>C:\Users\mstei\Downloads\Capstone\sim_image\frame1440.jpg</path>
	<source>
		<database>Unknown</database>
	</source>
	<size>
		<width>800</width>
		<height>600</height>
		<depth>3</depth>
	</size>
	<segmented>0</segmented>
	<object>
		<name>Yellow</name>
		<pose>Unspecified</pose>
		<truncated>0</truncated>
		<difficult>0</difficult>
		<bndbox>
			<xmin>235</xmin>
			<ymin>208</ymin>
			<xmax>276</xmax>
			<ymax>307</ymax>
		</bndbox>
	</object>
	<object>
		<name>Yellow</name>
		<pose>Unspecified</pose>
		<truncated>0</truncated>
		<difficult>0</difficult>
		<bndbox>
			<xmin>51</xmin>
			<ymin>204</ymin>
			<xmax>94</xmax>
			<ymax>303</ymax>
		</bndbox>
	</object>
</annotation>
