<annotation verified="yes">
	<folder>sim_image</folder>
	<filename>frame1065.jpg</filename>
	<path>C:\Users\mstei\Downloads\Capstone\sim_image\frame1065.jpg</path>
	<source>
		<database>Unknown</database>
	</source>
	<size>
		<width>800</width>
		<height>600</height>
		<depth>3</depth>
	</size>
	<segmented>0</segmented>
	<object>
		<name>Green</name>
		<pose>Unspecified</pose>
		<truncated>0</truncated>
		<difficult>1</difficult>
		<bndbox>
			<xmin>318</xmin>
			<ymin>537</ymin>
			<xmax>325</xmax>
			<ymax>558</ymax>
		</bndbox>
	</object>
	<object>
		<name>Green</name>
		<pose>Unspecified</pose>
		<truncated>0</truncated>
		<difficult>1</difficult>
		<bndbox>
			<xmin>266</xmin>
			<ymin>535</ymin>
			<xmax>274</xmax>
			<ymax>558</ymax>
		</bndbox>
	</object>
	<object>
		<name>Green</name>
		<pose>Unspecified</pose>
		<truncated>0</truncated>
		<difficult>1</difficult>
		<bndbox>
			<xmin>214</xmin>
			<ymin>538</ymin>
			<xmax>221</xmax>
			<ymax>559</ymax>
		</bndbox>
	</object>
</annotation>
