<annotation verified="yes">
	<folder>sim_image</folder>
	<filename>frame1218.jpg</filename>
	<path>C:\Users\mstei\Downloads\Capstone\sim_image\frame1218.jpg</path>
	<source>
		<database>Unknown</database>
	</source>
	<size>
		<width>800</width>
		<height>600</height>
		<depth>3</depth>
	</size>
	<segmented>0</segmented>
	<object>
		<name>Yellow</name>
		<pose>Unspecified</pose>
		<truncated>0</truncated>
		<difficult>0</difficult>
		<bndbox>
			<xmin>490</xmin>
			<ymin>151</ymin>
			<xmax>541</xmax>
			<ymax>271</ymax>
		</bndbox>
	</object>
	<object>
		<name>Yellow</name>
		<pose>Unspecified</pose>
		<truncated>0</truncated>
		<difficult>0</difficult>
		<bndbox>
			<xmin>268</xmin>
			<ymin>154</ymin>
			<xmax>316</xmax>
			<ymax>271</ymax>
		</bndbox>
	</object>
	<object>
		<name>Yellow</name>
		<pose>Unspecified</pose>
		<truncated>0</truncated>
		<difficult>0</difficult>
		<bndbox>
			<xmin>49</xmin>
			<ymin>154</ymin>
			<xmax>97</xmax>
			<ymax>270</ymax>
		</bndbox>
	</object>
</annotation>
