<annotation verified="yes">
	<folder>sim_image</folder>
	<filename>frame1144.jpg</filename>
	<path>C:\Users\mstei\Downloads\Capstone\sim_image\frame1144.jpg</path>
	<source>
		<database>Unknown</database>
	</source>
	<size>
		<width>800</width>
		<height>600</height>
		<depth>3</depth>
	</size>
	<segmented>0</segmented>
	<object>
		<name>Red</name>
		<pose>Unspecified</pose>
		<truncated>0</truncated>
		<difficult>0</difficult>
		<bndbox>
			<xmin>497</xmin>
			<ymin>267</ymin>
			<xmax>558</xmax>
			<ymax>400</ymax>
		</bndbox>
	</object>
	<object>
		<name>Red</name>
		<pose>Unspecified</pose>
		<truncated>0</truncated>
		<difficult>0</difficult>
		<bndbox>
			<xmin>236</xmin>
			<ymin>264</ymin>
			<xmax>299</xmax>
			<ymax>389</ymax>
		</bndbox>
	</object>
	<object>
		<name>Red</name>
		<pose>Unspecified</pose>
		<truncated>1</truncated>
		<difficult>0</difficult>
		<bndbox>
			<xmin>1</xmin>
			<ymin>262</ymin>
			<xmax>32</xmax>
			<ymax>393</ymax>
		</bndbox>
	</object>
</annotation>
