<annotation verified="yes">
	<folder>sim_image</folder>
	<filename>frame1054.jpg</filename>
	<path>C:\Users\mstei\Downloads\Capstone\sim_image\frame1054.jpg</path>
	<source>
		<database>Unknown</database>
	</source>
	<size>
		<width>800</width>
		<height>600</height>
		<depth>3</depth>
	</size>
	<segmented>0</segmented>
	<object>
		<name>Green</name>
		<pose>Unspecified</pose>
		<truncated>0</truncated>
		<difficult>0</difficult>
		<bndbox>
			<xmin>107</xmin>
			<ymin>133</ymin>
			<xmax>163</xmax>
			<ymax>250</ymax>
		</bndbox>
	</object>
	<object>
		<name>Green</name>
		<pose>Unspecified</pose>
		<truncated>0</truncated>
		<difficult>0</difficult>
		<bndbox>
			<xmin>335</xmin>
			<ymin>130</ymin>
			<xmax>387</xmax>
			<ymax>254</ymax>
		</bndbox>
	</object>
	<object>
		<name>Green</name>
		<pose>Unspecified</pose>
		<truncated>0</truncated>
		<difficult>0</difficult>
		<bndbox>
			<xmin>565</xmin>
			<ymin>129</ymin>
			<xmax>614</xmax>
			<ymax>250</ymax>
		</bndbox>
	</object>
</annotation>
