<annotation verified="yes">
	<folder>sim_image</folder>
	<filename>frame1420.jpg</filename>
	<path>C:\Users\mstei\Downloads\Capstone\sim_image\frame1420.jpg</path>
	<source>
		<database>Unknown</database>
	</source>
	<size>
		<width>800</width>
		<height>600</height>
		<depth>3</depth>
	</size>
	<segmented>0</segmented>
	<object>
		<name>Green</name>
		<pose>Unspecified</pose>
		<truncated>0</truncated>
		<difficult>0</difficult>
		<bndbox>
			<xmin>238</xmin>
			<ymin>208</ymin>
			<xmax>279</xmax>
			<ymax>302</ymax>
		</bndbox>
	</object>
	<object>
		<name>Green</name>
		<pose>Unspecified</pose>
		<truncated>0</truncated>
		<difficult>0</difficult>
		<bndbox>
			<xmin>52</xmin>
			<ymin>206</ymin>
			<xmax>94</xmax>
			<ymax>303</ymax>
		</bndbox>
	</object>
</annotation>
