<annotation verified="yes">
	<folder>sim_image</folder>
	<filename>frame1327.jpg</filename>
	<path>C:\Users\mstei\Downloads\Capstone\sim_image\frame1327.jpg</path>
	<source>
		<database>Unknown</database>
	</source>
	<size>
		<width>800</width>
		<height>600</height>
		<depth>3</depth>
	</size>
	<segmented>0</segmented>
	<object>
		<name>Red</name>
		<pose>Unspecified</pose>
		<truncated>0</truncated>
		<difficult>0</difficult>
		<bndbox>
			<xmin>600</xmin>
			<ymin>44</ymin>
			<xmax>675</xmax>
			<ymax>208</ymax>
		</bndbox>
	</object>
	<object>
		<name>Red</name>
		<pose>Unspecified</pose>
		<truncated>0</truncated>
		<difficult>0</difficult>
		<bndbox>
			<xmin>295</xmin>
			<ymin>47</ymin>
			<xmax>365</xmax>
			<ymax>209</ymax>
		</bndbox>
	</object>
	<object>
		<name>Red</name>
		<pose>Unspecified</pose>
		<truncated>1</truncated>
		<difficult>0</difficult>
		<bndbox>
			<xmin>1</xmin>
			<ymin>48</ymin>
			<xmax>62</xmax>
			<ymax>211</ymax>
		</bndbox>
	</object>
</annotation>
