<annotation verified="yes">
	<folder>sim_image</folder>
	<filename>frame1411.jpg</filename>
	<path>C:\Users\mstei\Downloads\Capstone\sim_image\frame1411.jpg</path>
	<source>
		<database>Unknown</database>
	</source>
	<size>
		<width>800</width>
		<height>600</height>
		<depth>3</depth>
	</size>
	<segmented>0</segmented>
	<object>
		<name>Green</name>
		<pose>Unspecified</pose>
		<truncated>0</truncated>
		<difficult>0</difficult>
		<bndbox>
			<xmin>240</xmin>
			<ymin>218</ymin>
			<xmax>277</xmax>
			<ymax>306</ymax>
		</bndbox>
	</object>
	<object>
		<name>Green</name>
		<pose>Unspecified</pose>
		<truncated>0</truncated>
		<difficult>0</difficult>
		<bndbox>
			<xmin>66</xmin>
			<ymin>218</ymin>
			<xmax>106</xmax>
			<ymax>307</ymax>
		</bndbox>
	</object>
</annotation>
