<annotation verified="yes">
	<folder>sim_image</folder>
	<filename>frame1211.jpg</filename>
	<path>C:\Users\mstei\Downloads\Capstone\sim_image\frame1211.jpg</path>
	<source>
		<database>Unknown</database>
	</source>
	<size>
		<width>800</width>
		<height>600</height>
		<depth>3</depth>
	</size>
	<segmented>0</segmented>
	<object>
		<name>Green</name>
		<pose>Unspecified</pose>
		<truncated>0</truncated>
		<difficult>0</difficult>
		<bndbox>
			<xmin>741</xmin>
			<ymin>200</ymin>
			<xmax>786</xmax>
			<ymax>294</ymax>
		</bndbox>
	</object>
	<object>
		<name>Green</name>
		<pose>Unspecified</pose>
		<truncated>0</truncated>
		<difficult>0</difficult>
		<bndbox>
			<xmin>565</xmin>
			<ymin>204</ymin>
			<xmax>606</xmax>
			<ymax>298</ymax>
		</bndbox>
	</object>
	<object>
		<name>Green</name>
		<pose>Unspecified</pose>
		<truncated>0</truncated>
		<difficult>0</difficult>
		<bndbox>
			<xmin>394</xmin>
			<ymin>209</ymin>
			<xmax>431</xmax>
			<ymax>301</ymax>
		</bndbox>
	</object>
</annotation>
