<annotation verified="yes">
	<folder>sim_image</folder>
	<filename>frame134.jpg</filename>
	<path>C:\Users\mstei\Downloads\Capstone\sim_image\frame134.jpg</path>
	<source>
		<database>Unknown</database>
	</source>
	<size>
		<width>800</width>
		<height>600</height>
		<depth>3</depth>
	</size>
	<segmented>0</segmented>
	<object>
		<name>Red</name>
		<pose>Unspecified</pose>
		<truncated>0</truncated>
		<difficult>0</difficult>
		<bndbox>
			<xmin>517</xmin>
			<ymin>387</ymin>
			<xmax>541</xmax>
			<ymax>437</ymax>
		</bndbox>
	</object>
	<object>
		<name>Red</name>
		<pose>Unspecified</pose>
		<truncated>0</truncated>
		<difficult>0</difficult>
		<bndbox>
			<xmin>604</xmin>
			<ymin>386</ymin>
			<xmax>628</xmax>
			<ymax>437</ymax>
		</bndbox>
	</object>
	<object>
		<name>Red</name>
		<pose>Unspecified</pose>
		<truncated>0</truncated>
		<difficult>0</difficult>
		<bndbox>
			<xmin>691</xmin>
			<ymin>386</ymin>
			<xmax>716</xmax>
			<ymax>437</ymax>
		</bndbox>
	</object>
</annotation>
