<annotation verified="yes">
	<folder>sim_image</folder>
	<filename>frame1448.jpg</filename>
	<path>C:\Users\mstei\Downloads\Capstone\sim_image\frame1448.jpg</path>
	<source>
		<database>Unknown</database>
	</source>
	<size>
		<width>800</width>
		<height>600</height>
		<depth>3</depth>
	</size>
	<segmented>0</segmented>
	<object>
		<name>Yellow</name>
		<pose>Unspecified</pose>
		<truncated>0</truncated>
		<difficult>0</difficult>
		<bndbox>
			<xmin>589</xmin>
			<ymin>172</ymin>
			<xmax>638</xmax>
			<ymax>284</ymax>
		</bndbox>
	</object>
	<object>
		<name>Yellow</name>
		<pose>Unspecified</pose>
		<truncated>0</truncated>
		<difficult>0</difficult>
		<bndbox>
			<xmin>375</xmin>
			<ymin>174</ymin>
			<xmax>422</xmax>
			<ymax>287</ymax>
		</bndbox>
	</object>
	<object>
		<name>Yellow</name>
		<pose>Unspecified</pose>
		<truncated>0</truncated>
		<difficult>0</difficult>
		<bndbox>
			<xmin>161</xmin>
			<ymin>174</ymin>
			<xmax>210</xmax>
			<ymax>288</ymax>
		</bndbox>
	</object>
</annotation>
