<annotation verified="yes">
	<folder>sim_image</folder>
	<filename>frame115.jpg</filename>
	<path>C:\Users\mstei\Downloads\Capstone\sim_image\frame115.jpg</path>
	<source>
		<database>Unknown</database>
	</source>
	<size>
		<width>800</width>
		<height>600</height>
		<depth>3</depth>
	</size>
	<segmented>0</segmented>
	<object>
		<name>Yellow</name>
		<pose>Unspecified</pose>
		<truncated>0</truncated>
		<difficult>0</difficult>
		<bndbox>
			<xmin>468</xmin>
			<ymin>431</ymin>
			<xmax>486</xmax>
			<ymax>467</ymax>
		</bndbox>
	</object>
	<object>
		<name>Yellow</name>
		<pose>Unspecified</pose>
		<truncated>0</truncated>
		<difficult>0</difficult>
		<bndbox>
			<xmin>407</xmin>
			<ymin>433</ymin>
			<xmax>424</xmax>
			<ymax>469</ymax>
		</bndbox>
	</object>
	<object>
		<name>Yellow</name>
		<pose>Unspecified</pose>
		<truncated>0</truncated>
		<difficult>0</difficult>
		<bndbox>
			<xmin>345</xmin>
			<ymin>433</ymin>
			<xmax>362</xmax>
			<ymax>468</ymax>
		</bndbox>
	</object>
</annotation>
