<annotation verified="yes">
	<folder>sim_image</folder>
	<filename>frame1376.jpg</filename>
	<path>C:\Users\mstei\Downloads\Capstone\sim_image\frame1376.jpg</path>
	<source>
		<database>Unknown</database>
	</source>
	<size>
		<width>800</width>
		<height>600</height>
		<depth>3</depth>
	</size>
	<segmented>0</segmented>
	<object>
		<name>Green</name>
		<pose>Unspecified</pose>
		<truncated>1</truncated>
		<difficult>1</difficult>
		<bndbox>
			<xmin>1</xmin>
			<ymin>353</ymin>
			<xmax>11</xmax>
			<ymax>392</ymax>
		</bndbox>
	</object>
</annotation>
