<annotation verified="yes">
	<folder>sim_image</folder>
	<filename>frame1221.jpg</filename>
	<path>C:\Users\mstei\Downloads\Capstone\sim_image\frame1221.jpg</path>
	<source>
		<database>Unknown</database>
	</source>
	<size>
		<width>800</width>
		<height>600</height>
		<depth>3</depth>
	</size>
	<segmented>0</segmented>
	<object>
		<name>Yellow</name>
		<pose>Unspecified</pose>
		<truncated>0</truncated>
		<difficult>0</difficult>
		<bndbox>
			<xmin>471</xmin>
			<ymin>111</ymin>
			<xmax>529</xmax>
			<ymax>246</ymax>
		</bndbox>
	</object>
	<object>
		<name>Yellow</name>
		<pose>Unspecified</pose>
		<truncated>0</truncated>
		<difficult>0</difficult>
		<bndbox>
			<xmin>226</xmin>
			<ymin>116</ymin>
			<xmax>282</xmax>
			<ymax>244</ymax>
		</bndbox>
	</object>
	<object>
		<name>Yellow</name>
		<pose>Unspecified</pose>
		<truncated>1</truncated>
		<difficult>0</difficult>
		<bndbox>
			<xmin>1</xmin>
			<ymin>114</ymin>
			<xmax>35</xmax>
			<ymax>246</ymax>
		</bndbox>
	</object>
</annotation>
