<annotation verified="yes">
	<folder>sim_image</folder>
	<filename>frame1201.jpg</filename>
	<path>C:\Users\mstei\Downloads\Capstone\sim_image\frame1201.jpg</path>
	<source>
		<database>Unknown</database>
	</source>
	<size>
		<width>800</width>
		<height>600</height>
		<depth>3</depth>
	</size>
	<segmented>0</segmented>
	<object>
		<name>Green</name>
		<pose>Unspecified</pose>
		<truncated>0</truncated>
		<difficult>0</difficult>
		<bndbox>
			<xmin>607</xmin>
			<ymin>259</ymin>
			<xmax>634</xmax>
			<ymax>326</ymax>
		</bndbox>
	</object>
	<object>
		<name>Green</name>
		<pose>Unspecified</pose>
		<truncated>0</truncated>
		<difficult>0</difficult>
		<bndbox>
			<xmin>482</xmin>
			<ymin>261</ymin>
			<xmax>510</xmax>
			<ymax>328</ymax>
		</bndbox>
	</object>
	<object>
		<name>Green</name>
		<pose>Unspecified</pose>
		<truncated>0</truncated>
		<difficult>0</difficult>
		<bndbox>
			<xmin>357</xmin>
			<ymin>264</ymin>
			<xmax>386</xmax>
			<ymax>326</ymax>
		</bndbox>
	</object>
</annotation>
