<annotation verified="yes">
	<folder>sim_image</folder>
	<filename>frame1446.jpg</filename>
	<path>C:\Users\mstei\Downloads\Capstone\sim_image\frame1446.jpg</path>
	<source>
		<database>Unknown</database>
	</source>
	<size>
		<width>800</width>
		<height>600</height>
		<depth>3</depth>
	</size>
	<segmented>0</segmented>
	<object>
		<name>Yellow</name>
		<pose>Unspecified</pose>
		<truncated>0</truncated>
		<difficult>0</difficult>
		<bndbox>
			<xmin>422</xmin>
			<ymin>185</ymin>
			<xmax>469</xmax>
			<ymax>292</ymax>
		</bndbox>
	</object>
	<object>
		<name>Yellow</name>
		<pose>Unspecified</pose>
		<truncated>0</truncated>
		<difficult>0</difficult>
		<bndbox>
			<xmin>214</xmin>
			<ymin>183</ymin>
			<xmax>264</xmax>
			<ymax>292</ymax>
		</bndbox>
	</object>
	<object>
		<name>Yellow</name>
		<pose>Unspecified</pose>
		<truncated>0</truncated>
		<difficult>0</difficult>
		<bndbox>
			<xmin>11</xmin>
			<ymin>184</ymin>
			<xmax>59</xmax>
			<ymax>293</ymax>
		</bndbox>
	</object>
</annotation>
