<annotation verified="yes">
	<folder>sim_image</folder>
	<filename>frame1024.jpg</filename>
	<path>C:\Users\mstei\Downloads\Capstone\sim_image\frame1024.jpg</path>
	<source>
		<database>Unknown</database>
	</source>
	<size>
		<width>800</width>
		<height>600</height>
		<depth>3</depth>
	</size>
	<segmented>0</segmented>
	<object>
		<name>Red</name>
		<pose>Unspecified</pose>
		<truncated>0</truncated>
		<difficult>0</difficult>
		<bndbox>
			<xmin>271</xmin>
			<ymin>283</ymin>
			<xmax>296</xmax>
			<ymax>339</ymax>
		</bndbox>
	</object>
	<object>
		<name>Red</name>
		<pose>Unspecified</pose>
		<truncated>0</truncated>
		<difficult>0</difficult>
		<bndbox>
			<xmin>380</xmin>
			<ymin>280</ymin>
			<xmax>406</xmax>
			<ymax>337</ymax>
		</bndbox>
	</object>
	<object>
		<name>Red</name>
		<pose>Unspecified</pose>
		<truncated>0</truncated>
		<difficult>0</difficult>
		<bndbox>
			<xmin>490</xmin>
			<ymin>278</ymin>
			<xmax>518</xmax>
			<ymax>338</ymax>
		</bndbox>
	</object>
</annotation>
