<annotation>
	<folder>sim_image</folder>
	<filename>frame1130.jpg</filename>
	<path>C:\Users\mstei\Downloads\Capstone\sim_image\frame1130.jpg</path>
	<source>
		<database>Unknown</database>
	</source>
	<size>
		<width>800</width>
		<height>600</height>
		<depth>3</depth>
	</size>
	<segmented>0</segmented>
	<object>
		<name>Red</name>
		<pose>Unspecified</pose>
		<truncated>0</truncated>
		<difficult>0</difficult>
		<bndbox>
			<xmin>446</xmin>
			<ymin>337</ymin>
			<xmax>496</xmax>
			<ymax>441</ymax>
		</bndbox>
	</object>
	<object>
		<name>Red</name>
		<pose>Unspecified</pose>
		<truncated>0</truncated>
		<difficult>0</difficult>
		<bndbox>
			<xmin>239</xmin>
			<ymin>333</ymin>
			<xmax>284</xmax>
			<ymax>442</ymax>
		</bndbox>
	</object>
	<object>
		<name>Red</name>
		<pose>Unspecified</pose>
		<truncated>0</truncated>
		<difficult>0</difficult>
		<bndbox>
			<xmin>26</xmin>
			<ymin>333</ymin>
			<xmax>73</xmax>
			<ymax>443</ymax>
		</bndbox>
	</object>
</annotation>
