<annotation verified="yes">
	<folder>sim_image</folder>
	<filename>frame1151.jpg</filename>
	<path>C:\Users\mstei\Downloads\Capstone\sim_image\frame1151.jpg</path>
	<source>
		<database>Unknown</database>
	</source>
	<size>
		<width>800</width>
		<height>600</height>
		<depth>3</depth>
	</size>
	<segmented>0</segmented>
	<object>
		<name>Red</name>
		<pose>Unspecified</pose>
		<truncated>0</truncated>
		<difficult>0</difficult>
		<bndbox>
			<xmin>519</xmin>
			<ymin>231</ymin>
			<xmax>583</xmax>
			<ymax>373</ymax>
		</bndbox>
	</object>
	<object>
		<name>Red</name>
		<pose>Unspecified</pose>
		<truncated>0</truncated>
		<difficult>0</difficult>
		<bndbox>
			<xmin>229</xmin>
			<ymin>227</ymin>
			<xmax>297</xmax>
			<ymax>373</ymax>
		</bndbox>
	</object>
</annotation>
