<annotation verified="yes">
	<folder>sim_image</folder>
	<filename>frame122.jpg</filename>
	<path>C:\Users\mstei\Downloads\Capstone\sim_image\frame122.jpg</path>
	<source>
		<database>Unknown</database>
	</source>
	<size>
		<width>800</width>
		<height>600</height>
		<depth>3</depth>
	</size>
	<segmented>0</segmented>
	<object>
		<name>Red</name>
		<pose>Unspecified</pose>
		<truncated>0</truncated>
		<difficult>0</difficult>
		<bndbox>
			<xmin>603</xmin>
			<ymin>426</ymin>
			<xmax>621</xmax>
			<ymax>464</ymax>
		</bndbox>
	</object>
	<object>
		<name>Red</name>
		<pose>Unspecified</pose>
		<truncated>0</truncated>
		<difficult>0</difficult>
		<bndbox>
			<xmin>674</xmin>
			<ymin>426</ymin>
			<xmax>693</xmax>
			<ymax>466</ymax>
		</bndbox>
	</object>
	<object>
		<name>Red</name>
		<pose>Unspecified</pose>
		<truncated>0</truncated>
		<difficult>0</difficult>
		<bndbox>
			<xmin>744</xmin>
			<ymin>424</ymin>
			<xmax>763</xmax>
			<ymax>466</ymax>
		</bndbox>
	</object>
</annotation>
