<annotation verified="yes">
	<folder>sim_image</folder>
	<filename>frame1034.jpg</filename>
	<path>C:\Users\mstei\Downloads\Capstone\sim_image\frame1034.jpg</path>
	<source>
		<database>Unknown</database>
	</source>
	<size>
		<width>800</width>
		<height>600</height>
		<depth>3</depth>
	</size>
	<segmented>0</segmented>
	<object>
		<name>Green</name>
		<pose>Unspecified</pose>
		<truncated>0</truncated>
		<difficult>0</difficult>
		<bndbox>
			<xmin>234</xmin>
			<ymin>251</ymin>
			<xmax>265</xmax>
			<ymax>323</ymax>
		</bndbox>
	</object>
	<object>
		<name>Green</name>
		<pose>Unspecified</pose>
		<truncated>0</truncated>
		<difficult>0</difficult>
		<bndbox>
			<xmin>366</xmin>
			<ymin>249</ymin>
			<xmax>399</xmax>
			<ymax>320</ymax>
		</bndbox>
	</object>
	<object>
		<name>Green</name>
		<pose>Unspecified</pose>
		<truncated>0</truncated>
		<difficult>0</difficult>
		<bndbox>
			<xmin>502</xmin>
			<ymin>249</ymin>
			<xmax>533</xmax>
			<ymax>321</ymax>
		</bndbox>
	</object>
</annotation>
