<annotation verified="yes">
	<folder>sim_image</folder>
	<filename>frame1053.jpg</filename>
	<path>C:\Users\mstei\Downloads\Capstone\sim_image\frame1053.jpg</path>
	<source>
		<database>Unknown</database>
	</source>
	<size>
		<width>800</width>
		<height>600</height>
		<depth>3</depth>
	</size>
	<segmented>0</segmented>
	<object>
		<name>Green</name>
		<pose>Unspecified</pose>
		<truncated>0</truncated>
		<difficult>0</difficult>
		<bndbox>
			<xmin>120</xmin>
			<ymin>146</ymin>
			<xmax>172</xmax>
			<ymax>259</ymax>
		</bndbox>
	</object>
	<object>
		<name>Green</name>
		<pose>Unspecified</pose>
		<truncated>0</truncated>
		<difficult>0</difficult>
		<bndbox>
			<xmin>340</xmin>
			<ymin>143</ymin>
			<xmax>389</xmax>
			<ymax>261</ymax>
		</bndbox>
	</object>
	<object>
		<name>Green</name>
		<pose>Unspecified</pose>
		<truncated>0</truncated>
		<difficult>0</difficult>
		<bndbox>
			<xmin>559</xmin>
			<ymin>138</ymin>
			<xmax>611</xmax>
			<ymax>258</ymax>
		</bndbox>
	</object>
</annotation>
