<annotation verified="yes">
	<folder>sim_image</folder>
	<filename>frame141.jpg</filename>
	<path>C:\Users\mstei\Downloads\Capstone\sim_image\frame141.jpg</path>
	<source>
		<database>Unknown</database>
	</source>
	<size>
		<width>800</width>
		<height>600</height>
		<depth>3</depth>
	</size>
	<segmented>0</segmented>
	<object>
		<name>Red</name>
		<pose>Unspecified</pose>
		<truncated>0</truncated>
		<difficult>0</difficult>
		<bndbox>
			<xmin>542</xmin>
			<ymin>306</ymin>
			<xmax>565</xmax>
			<ymax>361</ymax>
		</bndbox>
	</object>
	<object>
		<name>Red</name>
		<pose>Unspecified</pose>
		<truncated>0</truncated>
		<difficult>0</difficult>
		<bndbox>
			<xmin>644</xmin>
			<ymin>303</ymin>
			<xmax>669</xmax>
			<ymax>360</ymax>
		</bndbox>
	</object>
	<object>
		<name>Red</name>
		<pose>Unspecified</pose>
		<truncated>0</truncated>
		<difficult>0</difficult>
		<bndbox>
			<xmin>747</xmin>
			<ymin>303</ymin>
			<xmax>774</xmax>
			<ymax>361</ymax>
		</bndbox>
	</object>
</annotation>
