<annotation>
	<folder>sim_image</folder>
	<filename>frame1115.jpg</filename>
	<path>C:\Users\mstei\Downloads\Capstone\sim_image\frame1115.jpg</path>
	<source>
		<database>Unknown</database>
	</source>
	<size>
		<width>800</width>
		<height>600</height>
		<depth>3</depth>
	</size>
	<segmented>0</segmented>
	<object>
		<name>Red</name>
		<pose>Unspecified</pose>
		<truncated>0</truncated>
		<difficult>0</difficult>
		<bndbox>
			<xmin>301</xmin>
			<ymin>420</ymin>
			<xmax>332</xmax>
			<ymax>495</ymax>
		</bndbox>
	</object>
	<object>
		<name>Red</name>
		<pose>Unspecified</pose>
		<truncated>0</truncated>
		<difficult>0</difficult>
		<bndbox>
			<xmin>163</xmin>
			<ymin>418</ymin>
			<xmax>195</xmax>
			<ymax>493</ymax>
		</bndbox>
	</object>
	<object>
		<name>Red</name>
		<pose>Unspecified</pose>
		<truncated>0</truncated>
		<difficult>0</difficult>
		<bndbox>
			<xmin>23</xmin>
			<ymin>418</ymin>
			<xmax>56</xmax>
			<ymax>493</ymax>
		</bndbox>
	</object>
</annotation>
