<annotation verified="yes">
	<folder>sim_image</folder>
	<filename>frame1020.jpg</filename>
	<path>C:\Users\mstei\Downloads\Capstone\sim_image\frame1020.jpg</path>
	<source>
		<database>Unknown</database>
	</source>
	<size>
		<width>800</width>
		<height>600</height>
		<depth>3</depth>
	</size>
	<segmented>0</segmented>
	<object>
		<name>Red</name>
		<pose>Unspecified</pose>
		<truncated>0</truncated>
		<difficult>0</difficult>
		<bndbox>
			<xmin>428</xmin>
			<ymin>293</ymin>
			<xmax>452</xmax>
			<ymax>347</ymax>
		</bndbox>
	</object>
	<object>
		<name>Red</name>
		<pose>Unspecified</pose>
		<truncated>0</truncated>
		<difficult>0</difficult>
		<bndbox>
			<xmin>329</xmin>
			<ymin>292</ymin>
			<xmax>351</xmax>
			<ymax>345</ymax>
		</bndbox>
	</object>
	<object>
		<name>Red</name>
		<pose>Unspecified</pose>
		<truncated>0</truncated>
		<difficult>0</difficult>
		<bndbox>
			<xmin>228</xmin>
			<ymin>296</ymin>
			<xmax>251</xmax>
			<ymax>349</ymax>
		</bndbox>
	</object>
</annotation>
