<annotation verified="yes">
	<folder>sim_image</folder>
	<filename>frame132.jpg</filename>
	<path>C:\Users\mstei\Downloads\Capstone\sim_image\frame132.jpg</path>
	<source>
		<database>Unknown</database>
	</source>
	<size>
		<width>800</width>
		<height>600</height>
		<depth>3</depth>
	</size>
	<segmented>0</segmented>
	<object>
		<name>Red</name>
		<pose>Unspecified</pose>
		<truncated>0</truncated>
		<difficult>1</difficult>
		<bndbox>
			<xmin>543</xmin>
			<ymin>407</ymin>
			<xmax>563</xmax>
			<ymax>452</ymax>
		</bndbox>
	</object>
	<object>
		<name>Red</name>
		<pose>Unspecified</pose>
		<truncated>0</truncated>
		<difficult>1</difficult>
		<bndbox>
			<xmin>459</xmin>
			<ymin>406</ymin>
			<xmax>480</xmax>
			<ymax>451</ymax>
		</bndbox>
	</object>
	<object>
		<name>Red</name>
		<pose>Unspecified</pose>
		<truncated>0</truncated>
		<difficult>1</difficult>
		<bndbox>
			<xmin>375</xmin>
			<ymin>407</ymin>
			<xmax>396</xmax>
			<ymax>452</ymax>
		</bndbox>
	</object>
</annotation>
