<annotation verified="yes">
	<folder>sim_image</folder>
	<filename>frame1377.jpg</filename>
	<path>C:\Users\mstei\Downloads\Capstone\sim_image\frame1377.jpg</path>
	<source>
		<database>Unknown</database>
	</source>
	<size>
		<width>800</width>
		<height>600</height>
		<depth>3</depth>
	</size>
	<segmented>0</segmented>
	<object>
		<name>Green</name>
		<pose>Unspecified</pose>
		<truncated>0</truncated>
		<difficult>1</difficult>
		<bndbox>
			<xmin>51</xmin>
			<ymin>352</ymin>
			<xmax>63</xmax>
			<ymax>386</ymax>
		</bndbox>
	</object>
</annotation>
