<annotation verified="yes">
	<folder>sim_image</folder>
	<filename>frame1126.jpg</filename>
	<path>C:\Users\mstei\Downloads\Capstone\sim_image\frame1126.jpg</path>
	<source>
		<database>Unknown</database>
	</source>
	<size>
		<width>800</width>
		<height>600</height>
		<depth>3</depth>
	</size>
	<segmented>0</segmented>
	<object>
		<name>Red</name>
		<pose>Unspecified</pose>
		<truncated>0</truncated>
		<difficult>0</difficult>
		<bndbox>
			<xmin>51</xmin>
			<ymin>365</ymin>
			<xmax>92</xmax>
			<ymax>454</ymax>
		</bndbox>
	</object>
	<object>
		<name>Red</name>
		<pose>Unspecified</pose>
		<truncated>0</truncated>
		<difficult>0</difficult>
		<bndbox>
			<xmin>243</xmin>
			<ymin>366</ymin>
			<xmax>284</xmax>
			<ymax>454</ymax>
		</bndbox>
	</object>
	<object>
		<name>Red</name>
		<pose>Unspecified</pose>
		<truncated>0</truncated>
		<difficult>0</difficult>
		<bndbox>
			<xmin>432</xmin>
			<ymin>363</ymin>
			<xmax>480</xmax>
			<ymax>458</ymax>
		</bndbox>
	</object>
</annotation>
