<annotation verified="yes">
	<folder>sim_image</folder>
	<filename>frame1378.jpg</filename>
	<path>C:\Users\mstei\Downloads\Capstone\sim_image\frame1378.jpg</path>
	<source>
		<database>Unknown</database>
	</source>
	<size>
		<width>800</width>
		<height>600</height>
		<depth>3</depth>
	</size>
	<segmented>0</segmented>
	<object>
		<name>Green</name>
		<pose>Unspecified</pose>
		<truncated>0</truncated>
		<difficult>1</difficult>
		<bndbox>
			<xmin>67</xmin>
			<ymin>351</ymin>
			<xmax>82</xmax>
			<ymax>387</ymax>
		</bndbox>
	</object>
	<object>
		<name>Green</name>
		<pose>Unspecified</pose>
		<truncated>0</truncated>
		<difficult>1</difficult>
		<bndbox>
			<xmin>5</xmin>
			<ymin>350</ymin>
			<xmax>16</xmax>
			<ymax>387</ymax>
		</bndbox>
	</object>
</annotation>
