<annotation verified="yes">
	<folder>sim_image</folder>
	<filename>frame135.jpg</filename>
	<path>C:\Users\mstei\Downloads\Capstone\sim_image\frame135.jpg</path>
	<source>
		<database>Unknown</database>
	</source>
	<size>
		<width>800</width>
		<height>600</height>
		<depth>3</depth>
	</size>
	<segmented>0</segmented>
	<object>
		<name>Red</name>
		<pose>Unspecified</pose>
		<truncated>0</truncated>
		<difficult>0</difficult>
		<bndbox>
			<xmin>513</xmin>
			<ymin>379</ymin>
			<xmax>535</xmax>
			<ymax>426</ymax>
		</bndbox>
	</object>
	<object>
		<name>Red</name>
		<pose>Unspecified</pose>
		<truncated>0</truncated>
		<difficult>0</difficult>
		<bndbox>
			<xmin>602</xmin>
			<ymin>378</ymin>
			<xmax>622</xmax>
			<ymax>427</ymax>
		</bndbox>
	</object>
	<object>
		<name>Red</name>
		<pose>Unspecified</pose>
		<truncated>0</truncated>
		<difficult>0</difficult>
		<bndbox>
			<xmin>691</xmin>
			<ymin>377</ymin>
			<xmax>714</xmax>
			<ymax>426</ymax>
		</bndbox>
	</object>
</annotation>
