<annotation verified="yes">
	<folder>sim_image</folder>
	<filename>frame138.jpg</filename>
	<path>C:\Users\mstei\Downloads\Capstone\sim_image\frame138.jpg</path>
	<source>
		<database>Unknown</database>
	</source>
	<size>
		<width>800</width>
		<height>600</height>
		<depth>3</depth>
	</size>
	<segmented>0</segmented>
	<object>
		<name>Red</name>
		<pose>Unspecified</pose>
		<truncated>0</truncated>
		<difficult>0</difficult>
		<bndbox>
			<xmin>537</xmin>
			<ymin>333</ymin>
			<xmax>561</xmax>
			<ymax>386</ymax>
		</bndbox>
	</object>
	<object>
		<name>Red</name>
		<pose>Unspecified</pose>
		<truncated>0</truncated>
		<difficult>0</difficult>
		<bndbox>
			<xmin>632</xmin>
			<ymin>332</ymin>
			<xmax>657</xmax>
			<ymax>385</ymax>
		</bndbox>
	</object>
	<object>
		<name>Red</name>
		<pose>Unspecified</pose>
		<truncated>0</truncated>
		<difficult>0</difficult>
		<bndbox>
			<xmin>729</xmin>
			<ymin>331</ymin>
			<xmax>754</xmax>
			<ymax>386</ymax>
		</bndbox>
	</object>
</annotation>
