<annotation verified="yes">
	<folder>sim_image</folder>
	<filename>frame1124.jpg</filename>
	<path>C:\Users\mstei\Downloads\Capstone\sim_image\frame1124.jpg</path>
	<source>
		<database>Unknown</database>
	</source>
	<size>
		<width>800</width>
		<height>600</height>
		<depth>3</depth>
	</size>
	<segmented>0</segmented>
	<object>
		<name>Red</name>
		<pose>Unspecified</pose>
		<truncated>0</truncated>
		<difficult>0</difficult>
		<bndbox>
			<xmin>427</xmin>
			<ymin>373</ymin>
			<xmax>472</xmax>
			<ymax>468</ymax>
		</bndbox>
	</object>
	<object>
		<name>Red</name>
		<pose>Unspecified</pose>
		<truncated>0</truncated>
		<difficult>0</difficult>
		<bndbox>
			<xmin>248</xmin>
			<ymin>377</ymin>
			<xmax>287</xmax>
			<ymax>466</ymax>
		</bndbox>
	</object>
	<object>
		<name>Red</name>
		<pose>Unspecified</pose>
		<truncated>0</truncated>
		<difficult>0</difficult>
		<bndbox>
			<xmin>63</xmin>
			<ymin>373</ymin>
			<xmax>103</xmax>
			<ymax>464</ymax>
		</bndbox>
	</object>
</annotation>
