<annotation>
	<folder>sim_image</folder>
	<filename>frame1116.jpg</filename>
	<path>C:\Users\mstei\Downloads\Capstone\sim_image\frame1116.jpg</path>
	<source>
		<database>Unknown</database>
	</source>
	<size>
		<width>800</width>
		<height>600</height>
		<depth>3</depth>
	</size>
	<segmented>0</segmented>
	<object>
		<name>Red</name>
		<pose>Unspecified</pose>
		<truncated>0</truncated>
		<difficult>0</difficult>
		<bndbox>
			<xmin>33</xmin>
			<ymin>414</ymin>
			<xmax>67</xmax>
			<ymax>488</ymax>
		</bndbox>
	</object>
	<object>
		<name>Red</name>
		<pose>Unspecified</pose>
		<truncated>0</truncated>
		<difficult>0</difficult>
		<bndbox>
			<xmin>180</xmin>
			<ymin>413</ymin>
			<xmax>214</xmax>
			<ymax>489</ymax>
		</bndbox>
	</object>
	<object>
		<name>Red</name>
		<pose>Unspecified</pose>
		<truncated>0</truncated>
		<difficult>0</difficult>
		<bndbox>
			<xmin>321</xmin>
			<ymin>413</ymin>
			<xmax>356</xmax>
			<ymax>492</ymax>
		</bndbox>
	</object>
</annotation>
