<annotation verified="yes">
	<folder>sim_image</folder>
	<filename>frame1308.jpg</filename>
	<path>C:\Users\mstei\Downloads\Capstone\sim_image\frame1308.jpg</path>
	<source>
		<database>Unknown</database>
	</source>
	<size>
		<width>800</width>
		<height>600</height>
		<depth>3</depth>
	</size>
	<segmented>0</segmented>
	<object>
		<name>Red</name>
		<pose>Unspecified</pose>
		<truncated>0</truncated>
		<difficult>0</difficult>
		<bndbox>
			<xmin>522</xmin>
			<ymin>102</ymin>
			<xmax>584</xmax>
			<ymax>241</ymax>
		</bndbox>
	</object>
</annotation>
