<annotation verified="yes">
	<folder>sim_image</folder>
	<filename>frame1043.jpg</filename>
	<path>C:\Users\mstei\Downloads\Capstone\sim_image\frame1043.jpg</path>
	<source>
		<database>Unknown</database>
	</source>
	<size>
		<width>800</width>
		<height>600</height>
		<depth>3</depth>
	</size>
	<segmented>0</segmented>
	<object>
		<name>Green</name>
		<pose>Unspecified</pose>
		<truncated>0</truncated>
		<difficult>0</difficult>
		<bndbox>
			<xmin>308</xmin>
			<ymin>212</ymin>
			<xmax>347</xmax>
			<ymax>298</ymax>
		</bndbox>
	</object>
	<object>
		<name>Green</name>
		<pose>Unspecified</pose>
		<truncated>0</truncated>
		<difficult>0</difficult>
		<bndbox>
			<xmin>477</xmin>
			<ymin>208</ymin>
			<xmax>516</xmax>
			<ymax>299</ymax>
		</bndbox>
	</object>
	<object>
		<name>Green</name>
		<pose>Unspecified</pose>
		<truncated>0</truncated>
		<difficult>0</difficult>
		<bndbox>
			<xmin>648</xmin>
			<ymin>206</ymin>
			<xmax>688</xmax>
			<ymax>295</ymax>
		</bndbox>
	</object>
</annotation>
