<annotation verified="yes">
	<folder>sim_image</folder>
	<filename>frame1056.jpg</filename>
	<path>C:\Users\mstei\Downloads\Capstone\sim_image\frame1056.jpg</path>
	<source>
		<database>Unknown</database>
	</source>
	<size>
		<width>800</width>
		<height>600</height>
		<depth>3</depth>
	</size>
	<segmented>0</segmented>
	<object>
		<name>Green</name>
		<pose>Unspecified</pose>
		<truncated>1</truncated>
		<difficult>0</difficult>
		<bndbox>
			<xmin>1</xmin>
			<ymin>119</ymin>
			<xmax>36</xmax>
			<ymax>248</ymax>
		</bndbox>
	</object>
	<object>
		<name>Green</name>
		<pose>Unspecified</pose>
		<truncated>0</truncated>
		<difficult>0</difficult>
		<bndbox>
			<xmin>226</xmin>
			<ymin>117</ymin>
			<xmax>282</xmax>
			<ymax>251</ymax>
		</bndbox>
	</object>
	<object>
		<name>Green</name>
		<pose>Unspecified</pose>
		<truncated>0</truncated>
		<difficult>0</difficult>
		<bndbox>
			<xmin>472</xmin>
			<ymin>117</ymin>
			<xmax>527</xmax>
			<ymax>247</ymax>
		</bndbox>
	</object>
</annotation>
