<annotation verified="yes">
	<folder>sim_image</folder>
	<filename>frame1307.jpg</filename>
	<path>C:\Users\mstei\Downloads\Capstone\sim_image\frame1307.jpg</path>
	<source>
		<database>Unknown</database>
	</source>
	<size>
		<width>800</width>
		<height>600</height>
		<depth>3</depth>
	</size>
	<segmented>0</segmented>
	<object>
		<name>Red</name>
		<pose>Unspecified</pose>
		<truncated>0</truncated>
		<difficult>0</difficult>
		<bndbox>
			<xmin>593</xmin>
			<ymin>103</ymin>
			<xmax>654</xmax>
			<ymax>243</ymax>
		</bndbox>
	</object>
</annotation>
