<annotation verified="yes">
	<folder>sim_image</folder>
	<filename>frame1067.jpg</filename>
	<path>C:\Users\mstei\Downloads\Capstone\sim_image\frame1067.jpg</path>
	<source>
		<database>Unknown</database>
	</source>
	<size>
		<width>800</width>
		<height>600</height>
		<depth>3</depth>
	</size>
	<segmented>0</segmented>
	<object>
		<name>Green</name>
		<pose>Unspecified</pose>
		<truncated>0</truncated>
		<difficult>1</difficult>
		<bndbox>
			<xmin>210</xmin>
			<ymin>533</ymin>
			<xmax>220</xmax>
			<ymax>555</ymax>
		</bndbox>
	</object>
	<object>
		<name>Green</name>
		<pose>Unspecified</pose>
		<truncated>0</truncated>
		<difficult>1</difficult>
		<bndbox>
			<xmin>155</xmin>
			<ymin>530</ymin>
			<xmax>166</xmax>
			<ymax>556</ymax>
		</bndbox>
	</object>
	<object>
		<name>Green</name>
		<pose>Unspecified</pose>
		<truncated>0</truncated>
		<difficult>1</difficult>
		<bndbox>
			<xmin>103</xmin>
			<ymin>531</ymin>
			<xmax>114</xmax>
			<ymax>556</ymax>
		</bndbox>
	</object>
</annotation>
