<annotation verified="yes">
	<folder>sim_image</folder>
	<filename>frame1298.jpg</filename>
	<path>C:\Users\mstei\Downloads\Capstone\sim_image\frame1298.jpg</path>
	<source>
		<database>Unknown</database>
	</source>
	<size>
		<width>800</width>
		<height>600</height>
		<depth>3</depth>
	</size>
	<segmented>0</segmented>
	<object>
		<name>Red</name>
		<pose>Unspecified</pose>
		<truncated>0</truncated>
		<difficult>0</difficult>
		<bndbox>
			<xmin>546</xmin>
			<ymin>115</ymin>
			<xmax>607</xmax>
			<ymax>252</ymax>
		</bndbox>
	</object>
	<object>
		<name>Red</name>
		<pose>Unspecified</pose>
		<truncated>0</truncated>
		<difficult>0</difficult>
		<bndbox>
			<xmin>294</xmin>
			<ymin>116</ymin>
			<xmax>352</xmax>
			<ymax>256</ymax>
		</bndbox>
	</object>
	<object>
		<name>Red</name>
		<pose>Unspecified</pose>
		<truncated>0</truncated>
		<difficult>0</difficult>
		<bndbox>
			<xmin>43</xmin>
			<ymin>121</ymin>
			<xmax>102</xmax>
			<ymax>255</ymax>
		</bndbox>
	</object>
</annotation>
