<annotation verified="yes">
	<folder>sim_image</folder>
	<filename>frame1303.jpg</filename>
	<path>C:\Users\mstei\Downloads\Capstone\sim_image\frame1303.jpg</path>
	<source>
		<database>Unknown</database>
	</source>
	<size>
		<width>800</width>
		<height>600</height>
		<depth>3</depth>
	</size>
	<segmented>0</segmented>
	<object>
		<name>Red</name>
		<pose>Unspecified</pose>
		<truncated>0</truncated>
		<difficult>0</difficult>
		<bndbox>
			<xmin>423</xmin>
			<ymin>114</ymin>
			<xmax>479</xmax>
			<ymax>247</ymax>
		</bndbox>
	</object>
	<object>
		<name>Red</name>
		<pose>Unspecified</pose>
		<truncated>0</truncated>
		<difficult>0</difficult>
		<bndbox>
			<xmin>676</xmin>
			<ymin>107</ymin>
			<xmax>739</xmax>
			<ymax>246</ymax>
		</bndbox>
	</object>
</annotation>
