<annotation verified="yes">
	<folder>sim_image</folder>
	<filename>frame1219.jpg</filename>
	<path>C:\Users\mstei\Downloads\Capstone\sim_image\frame1219.jpg</path>
	<source>
		<database>Unknown</database>
	</source>
	<size>
		<width>800</width>
		<height>600</height>
		<depth>3</depth>
	</size>
	<segmented>0</segmented>
	<object>
		<name>Yellow</name>
		<pose>Unspecified</pose>
		<truncated>0</truncated>
		<difficult>0</difficult>
		<bndbox>
			<xmin>454</xmin>
			<ymin>126</ymin>
			<xmax>507</xmax>
			<ymax>251</ymax>
		</bndbox>
	</object>
	<object>
		<name>Yellow</name>
		<pose>Unspecified</pose>
		<truncated>0</truncated>
		<difficult>0</difficult>
		<bndbox>
			<xmin>222</xmin>
			<ymin>129</ymin>
			<xmax>277</xmax>
			<ymax>254</ymax>
		</bndbox>
	</object>
	<object>
		<name>Yellow</name>
		<pose>Unspecified</pose>
		<truncated>1</truncated>
		<difficult>0</difficult>
		<bndbox>
			<xmin>1</xmin>
			<ymin>128</ymin>
			<xmax>49</xmax>
			<ymax>251</ymax>
		</bndbox>
	</object>
</annotation>
