<annotation verified="yes">
	<folder>sim_image</folder>
	<filename>frame1384.jpg</filename>
	<path>C:\Users\mstei\Downloads\Capstone\sim_image\frame1384.jpg</path>
	<source>
		<database>Unknown</database>
	</source>
	<size>
		<width>800</width>
		<height>600</height>
		<depth>3</depth>
	</size>
	<segmented>0</segmented>
	<object>
		<name>Green</name>
		<pose>Unspecified</pose>
		<truncated>0</truncated>
		<difficult>0</difficult>
		<bndbox>
			<xmin>137</xmin>
			<ymin>336</ymin>
			<xmax>154</xmax>
			<ymax>374</ymax>
		</bndbox>
	</object>
	<object>
		<name>Green</name>
		<pose>Unspecified</pose>
		<truncated>0</truncated>
		<difficult>0</difficult>
		<bndbox>
			<xmin>60</xmin>
			<ymin>338</ymin>
			<xmax>77</xmax>
			<ymax>375</ymax>
		</bndbox>
	</object>
</annotation>
