<annotation verified="yes">
	<folder>sim_image</folder>
	<filename>frame119.jpg</filename>
	<path>C:\Users\mstei\Downloads\Capstone\sim_image\frame119.jpg</path>
	<source>
		<database>Unknown</database>
	</source>
	<size>
		<width>800</width>
		<height>600</height>
		<depth>3</depth>
	</size>
	<segmented>0</segmented>
	<object>
		<name>Yellow</name>
		<pose>Unspecified</pose>
		<truncated>0</truncated>
		<difficult>0</difficult>
		<bndbox>
			<xmin>623</xmin>
			<ymin>431</ymin>
			<xmax>641</xmax>
			<ymax>468</ymax>
		</bndbox>
	</object>
	<object>
		<name>Yellow</name>
		<pose>Unspecified</pose>
		<truncated>0</truncated>
		<difficult>0</difficult>
		<bndbox>
			<xmin>691</xmin>
			<ymin>431</ymin>
			<xmax>709</xmax>
			<ymax>469</ymax>
		</bndbox>
	</object>
	<object>
		<name>Yellow</name>
		<pose>Unspecified</pose>
		<truncated>0</truncated>
		<difficult>0</difficult>
		<bndbox>
			<xmin>759</xmin>
			<ymin>431</ymin>
			<xmax>777</xmax>
			<ymax>469</ymax>
		</bndbox>
	</object>
</annotation>
