<annotation verified="yes">
	<folder>sim_image</folder>
	<filename>frame1154.jpg</filename>
	<path>C:\Users\mstei\Downloads\Capstone\sim_image\frame1154.jpg</path>
	<source>
		<database>Unknown</database>
	</source>
	<size>
		<width>800</width>
		<height>600</height>
		<depth>3</depth>
	</size>
	<segmented>0</segmented>
	<object>
		<name>Red</name>
		<pose>Unspecified</pose>
		<truncated>0</truncated>
		<difficult>0</difficult>
		<bndbox>
			<xmin>530</xmin>
			<ymin>214</ymin>
			<xmax>603</xmax>
			<ymax>364</ymax>
		</bndbox>
	</object>
	<object>
		<name>Red</name>
		<pose>Unspecified</pose>
		<truncated>0</truncated>
		<difficult>0</difficult>
		<bndbox>
			<xmin>229</xmin>
			<ymin>209</ymin>
			<xmax>302</xmax>
			<ymax>358</ymax>
		</bndbox>
	</object>
</annotation>
