<annotation verified="yes">
	<folder>sim_image</folder>
	<filename>frame1037.jpg</filename>
	<path>C:\Users\mstei\Downloads\Capstone\sim_image\frame1037.jpg</path>
	<source>
		<database>Unknown</database>
	</source>
	<size>
		<width>800</width>
		<height>600</height>
		<depth>3</depth>
	</size>
	<segmented>0</segmented>
	<object>
		<name>Green</name>
		<pose>Unspecified</pose>
		<truncated>0</truncated>
		<difficult>0</difficult>
		<bndbox>
			<xmin>77</xmin>
			<ymin>239</ymin>
			<xmax>112</xmax>
			<ymax>316</ymax>
		</bndbox>
	</object>
	<object>
		<name>Green</name>
		<pose>Unspecified</pose>
		<truncated>0</truncated>
		<difficult>0</difficult>
		<bndbox>
			<xmin>222</xmin>
			<ymin>238</ymin>
			<xmax>256</xmax>
			<ymax>316</ymax>
		</bndbox>
	</object>
	<object>
		<name>Green</name>
		<pose>Unspecified</pose>
		<truncated>0</truncated>
		<difficult>0</difficult>
		<bndbox>
			<xmin>365</xmin>
			<ymin>236</ymin>
			<xmax>401</xmax>
			<ymax>313</ymax>
		</bndbox>
	</object>
</annotation>
