<annotation verified="yes">
	<folder>sim_image</folder>
	<filename>frame1027.jpg</filename>
	<path>C:\Users\mstei\Downloads\Capstone\sim_image\frame1027.jpg</path>
	<source>
		<database>Unknown</database>
	</source>
	<size>
		<width>800</width>
		<height>600</height>
		<depth>3</depth>
	</size>
	<segmented>0</segmented>
	<object>
		<name>Green</name>
		<pose>Unspecified</pose>
		<truncated>0</truncated>
		<difficult>0</difficult>
		<bndbox>
			<xmin>268</xmin>
			<ymin>273</ymin>
			<xmax>293</xmax>
			<ymax>330</ymax>
		</bndbox>
	</object>
	<object>
		<name>Green</name>
		<pose>Unspecified</pose>
		<truncated>0</truncated>
		<difficult>0</difficult>
		<bndbox>
			<xmin>382</xmin>
			<ymin>272</ymin>
			<xmax>411</xmax>
			<ymax>333</ymax>
		</bndbox>
	</object>
	<object>
		<name>Green</name>
		<pose>Unspecified</pose>
		<truncated>0</truncated>
		<difficult>0</difficult>
		<bndbox>
			<xmin>501</xmin>
			<ymin>271</ymin>
			<xmax>529</xmax>
			<ymax>334</ymax>
		</bndbox>
	</object>
</annotation>
