<annotation verified="yes">
	<folder>sim_image</folder>
	<filename>frame1323.jpg</filename>
	<path>C:\Users\mstei\Downloads\Capstone\sim_image\frame1323.jpg</path>
	<source>
		<database>Unknown</database>
	</source>
	<size>
		<width>800</width>
		<height>600</height>
		<depth>3</depth>
	</size>
	<segmented>0</segmented>
	<object>
		<name>Red</name>
		<pose>Unspecified</pose>
		<truncated>0</truncated>
		<difficult>0</difficult>
		<bndbox>
			<xmin>575</xmin>
			<ymin>79</ymin>
			<xmax>642</xmax>
			<ymax>227</ymax>
		</bndbox>
	</object>
	<object>
		<name>Red</name>
		<pose>Unspecified</pose>
		<truncated>0</truncated>
		<difficult>0</difficult>
		<bndbox>
			<xmin>296</xmin>
			<ymin>83</ymin>
			<xmax>358</xmax>
			<ymax>231</ymax>
		</bndbox>
	</object>
	<object>
		<name>Red</name>
		<pose>Unspecified</pose>
		<truncated>0</truncated>
		<difficult>0</difficult>
		<bndbox>
			<xmin>15</xmin>
			<ymin>85</ymin>
			<xmax>81</xmax>
			<ymax>231</ymax>
		</bndbox>
	</object>
</annotation>
