<annotation verified="yes">
	<folder>sim_image</folder>
	<filename>frame1405.jpg</filename>
	<path>C:\Users\mstei\Downloads\Capstone\sim_image\frame1405.jpg</path>
	<source>
		<database>Unknown</database>
	</source>
	<size>
		<width>800</width>
		<height>600</height>
		<depth>3</depth>
	</size>
	<segmented>0</segmented>
	<object>
		<name>Green</name>
		<pose>Unspecified</pose>
		<truncated>0</truncated>
		<difficult>0</difficult>
		<bndbox>
			<xmin>86</xmin>
			<ymin>252</ymin>
			<xmax>121</xmax>
			<ymax>329</ymax>
		</bndbox>
	</object>
	<object>
		<name>Green</name>
		<pose>Unspecified</pose>
		<truncated>0</truncated>
		<difficult>0</difficult>
		<bndbox>
			<xmin>231</xmin>
			<ymin>251</ymin>
			<xmax>263</xmax>
			<ymax>330</ymax>
		</bndbox>
	</object>
	<object>
		<name>Green</name>
		<pose>Unspecified</pose>
		<truncated>0</truncated>
		<difficult>0</difficult>
		<bndbox>
			<xmin>374</xmin>
			<ymin>251</ymin>
			<xmax>407</xmax>
			<ymax>326</ymax>
		</bndbox>
	</object>
</annotation>
