<annotation verified="yes">
	<folder>sim_image</folder>
	<filename>frame1110.jpg</filename>
	<path>C:\Users\mstei\Downloads\Capstone\sim_image\frame1110.jpg</path>
	<source>
		<database>Unknown</database>
	</source>
	<size>
		<width>800</width>
		<height>600</height>
		<depth>3</depth>
	</size>
	<segmented>0</segmented>
	<object>
		<name>Red</name>
		<pose>Unspecified</pose>
		<truncated>0</truncated>
		<difficult>0</difficult>
		<bndbox>
			<xmin>410</xmin>
			<ymin>443</ymin>
			<xmax>439</xmax>
			<ymax>505</ymax>
		</bndbox>
	</object>
	<object>
		<name>Red</name>
		<pose>Unspecified</pose>
		<truncated>0</truncated>
		<difficult>0</difficult>
		<bndbox>
			<xmin>290</xmin>
			<ymin>442</ymin>
			<xmax>318</xmax>
			<ymax>505</ymax>
		</bndbox>
	</object>
	<object>
		<name>Red</name>
		<pose>Unspecified</pose>
		<truncated>0</truncated>
		<difficult>0</difficult>
		<bndbox>
			<xmin>168</xmin>
			<ymin>441</ymin>
			<xmax>196</xmax>
			<ymax>505</ymax>
		</bndbox>
	</object>
</annotation>
