<annotation verified="yes">
	<folder>sim_image</folder>
	<filename>frame1301.jpg</filename>
	<path>C:\Users\mstei\Downloads\Capstone\sim_image\frame1301.jpg</path>
	<source>
		<database>Unknown</database>
	</source>
	<size>
		<width>800</width>
		<height>600</height>
		<depth>3</depth>
	</size>
	<segmented>0</segmented>
	<object>
		<name>Red</name>
		<pose>Unspecified</pose>
		<truncated>0</truncated>
		<difficult>0</difficult>
		<bndbox>
			<xmin>263</xmin>
			<ymin>115</ymin>
			<xmax>319</xmax>
			<ymax>248</ymax>
		</bndbox>
	</object>
	<object>
		<name>Red</name>
		<pose>Unspecified</pose>
		<truncated>0</truncated>
		<difficult>0</difficult>
		<bndbox>
			<xmin>517</xmin>
			<ymin>110</ymin>
			<xmax>575</xmax>
			<ymax>244</ymax>
		</bndbox>
	</object>
	<object>
		<name>Red</name>
		<pose>Unspecified</pose>
		<truncated>0</truncated>
		<difficult>0</difficult>
		<bndbox>
			<xmin>773</xmin>
			<ymin>107</ymin>
			<xmax>799</xmax>
			<ymax>244</ymax>
		</bndbox>
	</object>
</annotation>
