<annotation verified="yes">
	<folder>sim_image</folder>
	<filename>frame1044.jpg</filename>
	<path>C:\Users\mstei\Downloads\Capstone\sim_image\frame1044.jpg</path>
	<source>
		<database>Unknown</database>
	</source>
	<size>
		<width>800</width>
		<height>600</height>
		<depth>3</depth>
	</size>
	<segmented>0</segmented>
	<object>
		<name>Green</name>
		<pose>Unspecified</pose>
		<truncated>0</truncated>
		<difficult>0</difficult>
		<bndbox>
			<xmin>370</xmin>
			<ymin>207</ymin>
			<xmax>410</xmax>
			<ymax>295</ymax>
		</bndbox>
	</object>
	<object>
		<name>Green</name>
		<pose>Unspecified</pose>
		<truncated>0</truncated>
		<difficult>0</difficult>
		<bndbox>
			<xmin>543</xmin>
			<ymin>203</ymin>
			<xmax>582</xmax>
			<ymax>295</ymax>
		</bndbox>
	</object>
	<object>
		<name>Green</name>
		<pose>Unspecified</pose>
		<truncated>0</truncated>
		<difficult>0</difficult>
		<bndbox>
			<xmin>718</xmin>
			<ymin>199</ymin>
			<xmax>758</xmax>
			<ymax>297</ymax>
		</bndbox>
	</object>
</annotation>
