<annotation verified="yes">
	<folder>sim_image</folder>
	<filename>frame1149.jpg</filename>
	<path>C:\Users\mstei\Downloads\Capstone\sim_image\frame1149.jpg</path>
	<source>
		<database>Unknown</database>
	</source>
	<size>
		<width>800</width>
		<height>600</height>
		<depth>3</depth>
	</size>
	<segmented>0</segmented>
	<object>
		<name>Red</name>
		<pose>Unspecified</pose>
		<truncated>0</truncated>
		<difficult>0</difficult>
		<bndbox>
			<xmin>512</xmin>
			<ymin>242</ymin>
			<xmax>576</xmax>
			<ymax>382</ymax>
		</bndbox>
	</object>
	<object>
		<name>Red</name>
		<pose>Unspecified</pose>
		<truncated>0</truncated>
		<difficult>0</difficult>
		<bndbox>
			<xmin>233</xmin>
			<ymin>238</ymin>
			<xmax>298</xmax>
			<ymax>379</ymax>
		</bndbox>
	</object>
</annotation>
