<annotation verified="yes">
	<folder>sim_image</folder>
	<filename>frame1229.jpg</filename>
	<path>C:\Users\mstei\Downloads\Capstone\sim_image\frame1229.jpg</path>
	<source>
		<database>Unknown</database>
	</source>
	<size>
		<width>800</width>
		<height>600</height>
		<depth>3</depth>
	</size>
	<segmented>0</segmented>
	<object>
		<name>Red</name>
		<pose>Unspecified</pose>
		<truncated>0</truncated>
		<difficult>0</difficult>
		<bndbox>
			<xmin>126</xmin>
			<ymin>18</ymin>
			<xmax>201</xmax>
			<ymax>187</ymax>
		</bndbox>
	</object>
	<object>
		<name>Red</name>
		<pose>Unspecified</pose>
		<truncated>0</truncated>
		<difficult>0</difficult>
		<bndbox>
			<xmin>446</xmin>
			<ymin>13</ymin>
			<xmax>517</xmax>
			<ymax>182</ymax>
		</bndbox>
	</object>
	<object>
		<name>Red</name>
		<pose>Unspecified</pose>
		<truncated>0</truncated>
		<difficult>0</difficult>
		<bndbox>
			<xmin>770</xmin>
			<ymin>8</ymin>
			<xmax>799</xmax>
			<ymax>181</ymax>
		</bndbox>
	</object>
</annotation>
