<annotation verified="yes">
	<folder>sim_image</folder>
	<filename>frame1045.jpg</filename>
	<path>C:\Users\mstei\Downloads\Capstone\sim_image\frame1045.jpg</path>
	<source>
		<database>Unknown</database>
	</source>
	<size>
		<width>800</width>
		<height>600</height>
		<depth>3</depth>
	</size>
	<segmented>0</segmented>
	<object>
		<name>Green</name>
		<pose>Unspecified</pose>
		<truncated>0</truncated>
		<difficult>0</difficult>
		<bndbox>
			<xmin>373</xmin>
			<ymin>202</ymin>
			<xmax>412</xmax>
			<ymax>295</ymax>
		</bndbox>
	</object>
	<object>
		<name>Green</name>
		<pose>Unspecified</pose>
		<truncated>0</truncated>
		<difficult>0</difficult>
		<bndbox>
			<xmin>551</xmin>
			<ymin>198</ymin>
			<xmax>589</xmax>
			<ymax>292</ymax>
		</bndbox>
	</object>
	<object>
		<name>Green</name>
		<pose>Unspecified</pose>
		<truncated>0</truncated>
		<difficult>0</difficult>
		<bndbox>
			<xmin>732</xmin>
			<ymin>198</ymin>
			<xmax>771</xmax>
			<ymax>288</ymax>
		</bndbox>
	</object>
</annotation>
