<annotation verified="yes">
	<folder>sim_image</folder>
	<filename>frame1142.jpg</filename>
	<path>C:\Users\mstei\Downloads\Capstone\sim_image\frame1142.jpg</path>
	<source>
		<database>Unknown</database>
	</source>
	<size>
		<width>800</width>
		<height>600</height>
		<depth>3</depth>
	</size>
	<segmented>0</segmented>
	<object>
		<name>Red</name>
		<pose>Unspecified</pose>
		<truncated>0</truncated>
		<difficult>0</difficult>
		<bndbox>
			<xmin>474</xmin>
			<ymin>281</ymin>
			<xmax>534</xmax>
			<ymax>408</ymax>
		</bndbox>
	</object>
	<object>
		<name>Red</name>
		<pose>Unspecified</pose>
		<truncated>0</truncated>
		<difficult>0</difficult>
		<bndbox>
			<xmin>222</xmin>
			<ymin>279</ymin>
			<xmax>283</xmax>
			<ymax>408</ymax>
		</bndbox>
	</object>
	<object>
		<name>Red</name>
		<pose>Unspecified</pose>
		<truncated>1</truncated>
		<difficult>0</difficult>
		<bndbox>
			<xmin>1</xmin>
			<ymin>275</ymin>
			<xmax>26</xmax>
			<ymax>402</ymax>
		</bndbox>
	</object>
</annotation>
