<annotation verified="yes">
	<folder>sim_image</folder>
	<filename>frame100.jpg</filename>
	<path>C:\Users\mstei\Downloads\Capstone\sim_image\frame100.jpg</path>
	<source>
		<database>Unknown</database>
	</source>
	<size>
		<width>800</width>
		<height>600</height>
		<depth>3</depth>
	</size>
	<segmented>0</segmented>
	<object>
		<name>Green</name>
		<pose>Unspecified</pose>
		<truncated>0</truncated>
		<difficult>0</difficult>
		<bndbox>
			<xmin>413</xmin>
			<ymin>450</ymin>
			<xmax>423</xmax>
			<ymax>476</ymax>
		</bndbox>
	</object>
	<object>
		<name>Green</name>
		<pose>Unspecified</pose>
		<truncated>0</truncated>
		<difficult>0</difficult>
		<bndbox>
			<xmin>462</xmin>
			<ymin>449</ymin>
			<xmax>475</xmax>
			<ymax>476</ymax>
		</bndbox>
	</object>
	<object>
		<name>Green</name>
		<pose>Unspecified</pose>
		<truncated>0</truncated>
		<difficult>0</difficult>
		<bndbox>
			<xmin>513</xmin>
			<ymin>449</ymin>
			<xmax>527</xmax>
			<ymax>478</ymax>
		</bndbox>
	</object>
</annotation>
