<annotation verified="yes">
	<folder>sim_image</folder>
	<filename>frame1146.jpg</filename>
	<path>C:\Users\mstei\Downloads\Capstone\sim_image\frame1146.jpg</path>
	<source>
		<database>Unknown</database>
	</source>
	<size>
		<width>800</width>
		<height>600</height>
		<depth>3</depth>
	</size>
	<segmented>0</segmented>
	<object>
		<name>Red</name>
		<pose>Unspecified</pose>
		<truncated>1</truncated>
		<difficult>0</difficult>
		<bndbox>
			<xmin>1</xmin>
			<ymin>251</ymin>
			<xmax>25</xmax>
			<ymax>379</ymax>
		</bndbox>
	</object>
	<object>
		<name>Red</name>
		<pose>Unspecified</pose>
		<truncated>0</truncated>
		<difficult>0</difficult>
		<bndbox>
			<xmin>236</xmin>
			<ymin>254</ymin>
			<xmax>298</xmax>
			<ymax>389</ymax>
		</bndbox>
	</object>
	<object>
		<name>Red</name>
		<pose>Unspecified</pose>
		<truncated>0</truncated>
		<difficult>0</difficult>
		<bndbox>
			<xmin>505</xmin>
			<ymin>257</ymin>
			<xmax>566</xmax>
			<ymax>397</ymax>
		</bndbox>
	</object>
</annotation>
