<annotation verified="yes">
	<folder>sim_image</folder>
	<filename>frame1150.jpg</filename>
	<path>C:\Users\mstei\Downloads\Capstone\sim_image\frame1150.jpg</path>
	<source>
		<database>Unknown</database>
	</source>
	<size>
		<width>800</width>
		<height>600</height>
		<depth>3</depth>
	</size>
	<segmented>0</segmented>
	<object>
		<name>Red</name>
		<pose>Unspecified</pose>
		<truncated>0</truncated>
		<difficult>0</difficult>
		<bndbox>
			<xmin>514</xmin>
			<ymin>238</ymin>
			<xmax>581</xmax>
			<ymax>378</ymax>
		</bndbox>
	</object>
	<object>
		<name>Red</name>
		<pose>Unspecified</pose>
		<truncated>0</truncated>
		<difficult>0</difficult>
		<bndbox>
			<xmin>230</xmin>
			<ymin>233</ymin>
			<xmax>297</xmax>
			<ymax>372</ymax>
		</bndbox>
	</object>
</annotation>
