<annotation verified="yes">
	<folder>sim_image</folder>
	<filename>frame1103.jpg</filename>
	<path>C:\Users\mstei\Downloads\Capstone\sim_image\frame1103.jpg</path>
	<source>
		<database>Unknown</database>
	</source>
	<size>
		<width>800</width>
		<height>600</height>
		<depth>3</depth>
	</size>
	<segmented>0</segmented>
	<object>
		<name>Yellow</name>
		<pose>Unspecified</pose>
		<truncated>0</truncated>
		<difficult>0</difficult>
		<bndbox>
			<xmin>295</xmin>
			<ymin>469</ymin>
			<xmax>314</xmax>
			<ymax>520</ymax>
		</bndbox>
	</object>
	<object>
		<name>Yellow</name>
		<pose>Unspecified</pose>
		<truncated>0</truncated>
		<difficult>0</difficult>
		<bndbox>
			<xmin>196</xmin>
			<ymin>469</ymin>
			<xmax>217</xmax>
			<ymax>521</ymax>
		</bndbox>
	</object>
	<object>
		<name>Yellow</name>
		<pose>Unspecified</pose>
		<truncated>0</truncated>
		<difficult>0</difficult>
		<bndbox>
			<xmin>97</xmin>
			<ymin>469</ymin>
			<xmax>114</xmax>
			<ymax>520</ymax>
		</bndbox>
	</object>
</annotation>
