<annotation verified="yes">
	<folder>sim_image</folder>
	<filename>frame1057.jpg</filename>
	<path>C:\Users\mstei\Downloads\Capstone\sim_image\frame1057.jpg</path>
	<source>
		<database>Unknown</database>
	</source>
	<size>
		<width>800</width>
		<height>600</height>
		<depth>3</depth>
	</size>
	<segmented>0</segmented>
	<object>
		<name>Green</name>
		<pose>Unspecified</pose>
		<truncated>1</truncated>
		<difficult>0</difficult>
		<bndbox>
			<xmin>1</xmin>
			<ymin>106</ymin>
			<xmax>29</xmax>
			<ymax>244</ymax>
		</bndbox>
	</object>
	<object>
		<name>Green</name>
		<pose>Unspecified</pose>
		<truncated>0</truncated>
		<difficult>0</difficult>
		<bndbox>
			<xmin>224</xmin>
			<ymin>104</ymin>
			<xmax>284</xmax>
			<ymax>242</ymax>
		</bndbox>
	</object>
	<object>
		<name>Green</name>
		<pose>Unspecified</pose>
		<truncated>0</truncated>
		<difficult>0</difficult>
		<bndbox>
			<xmin>481</xmin>
			<ymin>105</ymin>
			<xmax>540</xmax>
			<ymax>240</ymax>
		</bndbox>
	</object>
</annotation>
