<annotation verified="yes">
	<folder>sim_image</folder>
	<filename>frame1447.jpg</filename>
	<path>C:\Users\mstei\Downloads\Capstone\sim_image\frame1447.jpg</path>
	<source>
		<database>Unknown</database>
	</source>
	<size>
		<width>800</width>
		<height>600</height>
		<depth>3</depth>
	</size>
	<segmented>0</segmented>
	<object>
		<name>Yellow</name>
		<pose>Unspecified</pose>
		<truncated>0</truncated>
		<difficult>0</difficult>
		<bndbox>
			<xmin>118</xmin>
			<ymin>179</ymin>
			<xmax>166</xmax>
			<ymax>290</ymax>
		</bndbox>
	</object>
	<object>
		<name>Yellow</name>
		<pose>Unspecified</pose>
		<truncated>0</truncated>
		<difficult>0</difficult>
		<bndbox>
			<xmin>328</xmin>
			<ymin>179</ymin>
			<xmax>376</xmax>
			<ymax>289</ymax>
		</bndbox>
	</object>
	<object>
		<name>Yellow</name>
		<pose>Unspecified</pose>
		<truncated>0</truncated>
		<difficult>0</difficult>
		<bndbox>
			<xmin>537</xmin>
			<ymin>177</ymin>
			<xmax>586</xmax>
			<ymax>289</ymax>
		</bndbox>
	</object>
</annotation>
