<annotation verified="yes">
	<folder>sim_image</folder>
	<filename>frame1190.jpg</filename>
	<path>C:\Users\mstei\Downloads\Capstone\sim_image\frame1190.jpg</path>
	<source>
		<database>Unknown</database>
	</source>
	<size>
		<width>800</width>
		<height>600</height>
		<depth>3</depth>
	</size>
	<segmented>0</segmented>
	<object>
		<name>Green</name>
		<pose>Unspecified</pose>
		<truncated>0</truncated>
		<difficult>0</difficult>
		<bndbox>
			<xmin>260</xmin>
			<ymin>124</ymin>
			<xmax>349</xmax>
			<ymax>328</ymax>
		</bndbox>
	</object>
	<object>
		<name>Green</name>
		<pose>Unspecified</pose>
		<truncated>0</truncated>
		<difficult>0</difficult>
		<bndbox>
			<xmin>634</xmin>
			<ymin>130</ymin>
			<xmax>719</xmax>
			<ymax>327</ymax>
		</bndbox>
	</object>
</annotation>
