<annotation verified="yes">
	<folder>sim_image</folder>
	<filename>frame1018.jpg</filename>
	<path>C:\Users\mstei\Downloads\Capstone\sim_image\frame1018.jpg</path>
	<source>
		<database>Unknown</database>
	</source>
	<size>
		<width>800</width>
		<height>600</height>
		<depth>3</depth>
	</size>
	<segmented>0</segmented>
	<object>
		<name>Red</name>
		<pose>Unspecified</pose>
		<truncated>0</truncated>
		<difficult>0</difficult>
		<bndbox>
			<xmin>338</xmin>
			<ymin>297</ymin>
			<xmax>361</xmax>
			<ymax>350</ymax>
		</bndbox>
	</object>
	<object>
		<name>Red</name>
		<pose>Unspecified</pose>
		<truncated>0</truncated>
		<difficult>0</difficult>
		<bndbox>
			<xmin>242</xmin>
			<ymin>298</ymin>
			<xmax>265</xmax>
			<ymax>351</ymax>
		</bndbox>
	</object>
	<object>
		<name>Red</name>
		<pose>Unspecified</pose>
		<truncated>0</truncated>
		<difficult>0</difficult>
		<bndbox>
			<xmin>145</xmin>
			<ymin>297</ymin>
			<xmax>168</xmax>
			<ymax>350</ymax>
		</bndbox>
	</object>
</annotation>
