<annotation verified="yes">
	<folder>sim_image</folder>
	<filename>frame1009.jpg</filename>
	<path>C:\Users\mstei\Downloads\Capstone\sim_image\frame1009.jpg</path>
	<source>
		<database>Unknown</database>
	</source>
	<size>
		<width>800</width>
		<height>600</height>
		<depth>3</depth>
	</size>
	<segmented>0</segmented>
	<object>
		<name>Red</name>
		<pose>Unspecified</pose>
		<truncated>0</truncated>
		<difficult>0</difficult>
		<bndbox>
			<xmin>538</xmin>
			<ymin>324</ymin>
			<xmax>555</xmax>
			<ymax>365</ymax>
		</bndbox>
	</object>
	<object>
		<name>Red</name>
		<pose>Unspecified</pose>
		<truncated>0</truncated>
		<difficult>0</difficult>
		<bndbox>
			<xmin>617</xmin>
			<ymin>323</ymin>
			<xmax>632</xmax>
			<ymax>362</ymax>
		</bndbox>
	</object>
	<object>
		<name>Red</name>
		<pose>Unspecified</pose>
		<truncated>0</truncated>
		<difficult>0</difficult>
		<bndbox>
			<xmin>695</xmin>
			<ymin>321</ymin>
			<xmax>713</xmax>
			<ymax>364</ymax>
		</bndbox>
	</object>
</annotation>
