<annotation verified="yes">
	<folder>sim_image</folder>
	<filename>frame1199.jpg</filename>
	<path>C:\Users\mstei\Downloads\Capstone\sim_image\frame1199.jpg</path>
	<source>
		<database>Unknown</database>
	</source>
	<size>
		<width>800</width>
		<height>600</height>
		<depth>3</depth>
	</size>
	<segmented>0</segmented>
	<object>
		<name>Green</name>
		<pose>Unspecified</pose>
		<truncated>0</truncated>
		<difficult>0</difficult>
		<bndbox>
			<xmin>447</xmin>
			<ymin>274</ymin>
			<xmax>475</xmax>
			<ymax>333</ymax>
		</bndbox>
	</object>
	<object>
		<name>Green</name>
		<pose>Unspecified</pose>
		<truncated>0</truncated>
		<difficult>0</difficult>
		<bndbox>
			<xmin>331</xmin>
			<ymin>274</ymin>
			<xmax>360</xmax>
			<ymax>336</ymax>
		</bndbox>
	</object>
	<object>
		<name>Green</name>
		<pose>Unspecified</pose>
		<truncated>0</truncated>
		<difficult>0</difficult>
		<bndbox>
			<xmin>218</xmin>
			<ymin>273</ymin>
			<xmax>245</xmax>
			<ymax>335</ymax>
		</bndbox>
	</object>
</annotation>
