<annotation verified="yes">
	<folder>sim_image</folder>
	<filename>frame1212.jpg</filename>
	<path>C:\Users\mstei\Downloads\Capstone\sim_image\frame1212.jpg</path>
	<source>
		<database>Unknown</database>
	</source>
	<size>
		<width>800</width>
		<height>600</height>
		<depth>3</depth>
	</size>
	<segmented>0</segmented>
	<object>
		<name>Yellow</name>
		<pose>Unspecified</pose>
		<truncated>0</truncated>
		<difficult>0</difficult>
		<bndbox>
			<xmin>742</xmin>
			<ymin>193</ymin>
			<xmax>789</xmax>
			<ymax>292</ymax>
		</bndbox>
	</object>
	<object>
		<name>Yellow</name>
		<pose>Unspecified</pose>
		<truncated>0</truncated>
		<difficult>0</difficult>
		<bndbox>
			<xmin>560</xmin>
			<ymin>196</ymin>
			<xmax>605</xmax>
			<ymax>294</ymax>
		</bndbox>
	</object>
	<object>
		<name>Yellow</name>
		<pose>Unspecified</pose>
		<truncated>0</truncated>
		<difficult>0</difficult>
		<bndbox>
			<xmin>383</xmin>
			<ymin>201</ymin>
			<xmax>424</xmax>
			<ymax>292</ymax>
		</bndbox>
	</object>
</annotation>
