<annotation verified="yes">
	<folder>sim_image</folder>
	<filename>frame1041.jpg</filename>
	<path>C:\Users\mstei\Downloads\Capstone\sim_image\frame1041.jpg</path>
	<source>
		<database>Unknown</database>
	</source>
	<size>
		<width>800</width>
		<height>600</height>
		<depth>3</depth>
	</size>
	<segmented>0</segmented>
	<object>
		<name>Green</name>
		<pose>Unspecified</pose>
		<truncated>0</truncated>
		<difficult>0</difficult>
		<bndbox>
			<xmin>265</xmin>
			<ymin>222</ymin>
			<xmax>300</xmax>
			<ymax>304</ymax>
		</bndbox>
	</object>
	<object>
		<name>Green</name>
		<pose>Unspecified</pose>
		<truncated>0</truncated>
		<difficult>0</difficult>
		<bndbox>
			<xmin>424</xmin>
			<ymin>220</ymin>
			<xmax>462</xmax>
			<ymax>305</ymax>
		</bndbox>
	</object>
	<object>
		<name>Green</name>
		<pose>Unspecified</pose>
		<truncated>0</truncated>
		<difficult>0</difficult>
		<bndbox>
			<xmin>588</xmin>
			<ymin>219</ymin>
			<xmax>626</xmax>
			<ymax>303</ymax>
		</bndbox>
	</object>
</annotation>
