<annotation verified="yes">
	<folder>sim_image</folder>
	<filename>frame137.jpg</filename>
	<path>C:\Users\mstei\Downloads\Capstone\sim_image\frame137.jpg</path>
	<source>
		<database>Unknown</database>
	</source>
	<size>
		<width>800</width>
		<height>600</height>
		<depth>3</depth>
	</size>
	<segmented>0</segmented>
	<object>
		<name>Red</name>
		<pose>Unspecified</pose>
		<truncated>0</truncated>
		<difficult>0</difficult>
		<bndbox>
			<xmin>533</xmin>
			<ymin>344</ymin>
			<xmax>558</xmax>
			<ymax>395</ymax>
		</bndbox>
	</object>
	<object>
		<name>Red</name>
		<pose>Unspecified</pose>
		<truncated>0</truncated>
		<difficult>0</difficult>
		<bndbox>
			<xmin>627</xmin>
			<ymin>344</ymin>
			<xmax>652</xmax>
			<ymax>394</ymax>
		</bndbox>
	</object>
	<object>
		<name>Red</name>
		<pose>Unspecified</pose>
		<truncated>0</truncated>
		<difficult>0</difficult>
		<bndbox>
			<xmin>720</xmin>
			<ymin>344</ymin>
			<xmax>745</xmax>
			<ymax>396</ymax>
		</bndbox>
	</object>
</annotation>
