<annotation verified="yes">
	<folder>sim_image</folder>
	<filename>frame1050.jpg</filename>
	<path>C:\Users\mstei\Downloads\Capstone\sim_image\frame1050.jpg</path>
	<source>
		<database>Unknown</database>
	</source>
	<size>
		<width>800</width>
		<height>600</height>
		<depth>3</depth>
	</size>
	<segmented>0</segmented>
	<object>
		<name>Green</name>
		<pose>Unspecified</pose>
		<truncated>0</truncated>
		<difficult>0</difficult>
		<bndbox>
			<xmin>135</xmin>
			<ymin>179</ymin>
			<xmax>180</xmax>
			<ymax>283</ymax>
		</bndbox>
	</object>
	<object>
		<name>Green</name>
		<pose>Unspecified</pose>
		<truncated>0</truncated>
		<difficult>0</difficult>
		<bndbox>
			<xmin>332</xmin>
			<ymin>176</ymin>
			<xmax>380</xmax>
			<ymax>282</ymax>
		</bndbox>
	</object>
	<object>
		<name>Green</name>
		<pose>Unspecified</pose>
		<truncated>0</truncated>
		<difficult>0</difficult>
		<bndbox>
			<xmin>535</xmin>
			<ymin>174</ymin>
			<xmax>582</xmax>
			<ymax>280</ymax>
		</bndbox>
	</object>
</annotation>
