<annotation verified="yes">
	<folder>sim_image</folder>
	<filename>frame1046.jpg</filename>
	<path>C:\Users\mstei\Downloads\Capstone\sim_image\frame1046.jpg</path>
	<source>
		<database>Unknown</database>
	</source>
	<size>
		<width>800</width>
		<height>600</height>
		<depth>3</depth>
	</size>
	<segmented>0</segmented>
	<object>
		<name>Green</name>
		<pose>Unspecified</pose>
		<truncated>0</truncated>
		<difficult>0</difficult>
		<bndbox>
			<xmin>255</xmin>
			<ymin>197</ymin>
			<xmax>295</xmax>
			<ymax>293</ymax>
		</bndbox>
	</object>
	<object>
		<name>Green</name>
		<pose>Unspecified</pose>
		<truncated>0</truncated>
		<difficult>0</difficult>
		<bndbox>
			<xmin>436</xmin>
			<ymin>194</ymin>
			<xmax>479</xmax>
			<ymax>290</ymax>
		</bndbox>
	</object>
	<object>
		<name>Green</name>
		<pose>Unspecified</pose>
		<truncated>0</truncated>
		<difficult>0</difficult>
		<bndbox>
			<xmin>620</xmin>
			<ymin>191</ymin>
			<xmax>660</xmax>
			<ymax>288</ymax>
		</bndbox>
	</object>
</annotation>
