<annotation verified="yes">
	<folder>sim_image</folder>
	<filename>frame1012.jpg</filename>
	<path>C:\Users\mstei\Downloads\Capstone\sim_image\frame1012.jpg</path>
	<source>
		<database>Unknown</database>
	</source>
	<size>
		<width>800</width>
		<height>600</height>
		<depth>3</depth>
	</size>
	<segmented>0</segmented>
	<object>
		<name>Red</name>
		<pose>Unspecified</pose>
		<truncated>0</truncated>
		<difficult>0</difficult>
		<bndbox>
			<xmin>461</xmin>
			<ymin>316</ymin>
			<xmax>484</xmax>
			<ymax>361</ymax>
		</bndbox>
	</object>
	<object>
		<name>Red</name>
		<pose>Unspecified</pose>
		<truncated>0</truncated>
		<difficult>0</difficult>
		<bndbox>
			<xmin>628</xmin>
			<ymin>315</ymin>
			<xmax>652</xmax>
			<ymax>361</ymax>
		</bndbox>
	</object>
	<object>
		<name>Red</name>
		<pose>Unspecified</pose>
		<truncated>0</truncated>
		<difficult>0</difficult>
		<bndbox>
			<xmin>544</xmin>
			<ymin>314</ymin>
			<xmax>567</xmax>
			<ymax>359</ymax>
		</bndbox>
	</object>
</annotation>
