<annotation verified="yes">
	<folder>sim_image</folder>
	<filename>frame118.jpg</filename>
	<path>C:\Users\mstei\Downloads\Capstone\sim_image\frame118.jpg</path>
	<source>
		<database>Unknown</database>
	</source>
	<size>
		<width>800</width>
		<height>600</height>
		<depth>3</depth>
	</size>
	<segmented>0</segmented>
	<object>
		<name>Yellow</name>
		<pose>Unspecified</pose>
		<truncated>0</truncated>
		<difficult>0</difficult>
		<bndbox>
			<xmin>390</xmin>
			<ymin>426</ymin>
			<xmax>406</xmax>
			<ymax>463</ymax>
		</bndbox>
	</object>
	<object>
		<name>Yellow</name>
		<pose>Unspecified</pose>
		<truncated>0</truncated>
		<difficult>0</difficult>
		<bndbox>
			<xmin>454</xmin>
			<ymin>427</ymin>
			<xmax>470</xmax>
			<ymax>464</ymax>
		</bndbox>
	</object>
	<object>
		<name>Yellow</name>
		<pose>Unspecified</pose>
		<truncated>0</truncated>
		<difficult>0</difficult>
		<bndbox>
			<xmin>519</xmin>
			<ymin>426</ymin>
			<xmax>536</xmax>
			<ymax>463</ymax>
		</bndbox>
	</object>
</annotation>
