<annotation verified="yes">
	<folder>sim_image</folder>
	<filename>frame1031.jpg</filename>
	<path>C:\Users\mstei\Downloads\Capstone\sim_image\frame1031.jpg</path>
	<source>
		<database>Unknown</database>
	</source>
	<size>
		<width>800</width>
		<height>600</height>
		<depth>3</depth>
	</size>
	<segmented>0</segmented>
	<object>
		<name>Green</name>
		<pose>Unspecified</pose>
		<truncated>0</truncated>
		<difficult>0</difficult>
		<bndbox>
			<xmin>239</xmin>
			<ymin>263</ymin>
			<xmax>267</xmax>
			<ymax>326</ymax>
		</bndbox>
	</object>
	<object>
		<name>Green</name>
		<pose>Unspecified</pose>
		<truncated>0</truncated>
		<difficult>0</difficult>
		<bndbox>
			<xmin>365</xmin>
			<ymin>258</ymin>
			<xmax>395</xmax>
			<ymax>325</ymax>
		</bndbox>
	</object>
	<object>
		<name>Green</name>
		<pose>Unspecified</pose>
		<truncated>0</truncated>
		<difficult>0</difficult>
		<bndbox>
			<xmin>491</xmin>
			<ymin>259</ymin>
			<xmax>521</xmax>
			<ymax>325</ymax>
		</bndbox>
	</object>
</annotation>
