<annotation verified="yes">
	<folder>sim_image</folder>
	<filename>frame1085.jpg</filename>
	<path>C:\Users\mstei\Downloads\Capstone\sim_image\frame1085.jpg</path>
	<source>
		<database>Unknown</database>
	</source>
	<size>
		<width>800</width>
		<height>600</height>
		<depth>3</depth>
	</size>
	<segmented>0</segmented>
	<object>
		<name>Green</name>
		<pose>Unspecified</pose>
		<truncated>0</truncated>
		<difficult>1</difficult>
		<bndbox>
			<xmin>176</xmin>
			<ymin>507</ymin>
			<xmax>193</xmax>
			<ymax>541</ymax>
		</bndbox>
	</object>
	<object>
		<name>Green</name>
		<pose>Unspecified</pose>
		<truncated>0</truncated>
		<difficult>1</difficult>
		<bndbox>
			<xmin>102</xmin>
			<ymin>505</ymin>
			<xmax>120</xmax>
			<ymax>542</ymax>
		</bndbox>
	</object>
	<object>
		<name>Green</name>
		<pose>Unspecified</pose>
		<truncated>0</truncated>
		<difficult>1</difficult>
		<bndbox>
			<xmin>30</xmin>
			<ymin>504</ymin>
			<xmax>48</xmax>
			<ymax>543</ymax>
		</bndbox>
	</object>
</annotation>
