<annotation>
	<folder>sim_image</folder>
	<filename>frame1120.jpg</filename>
	<path>C:\Users\mstei\Downloads\Capstone\sim_image\frame1120.jpg</path>
	<source>
		<database>Unknown</database>
	</source>
	<size>
		<width>800</width>
		<height>600</height>
		<depth>3</depth>
	</size>
	<segmented>0</segmented>
	<object>
		<name>Red</name>
		<pose>Unspecified</pose>
		<truncated>0</truncated>
		<difficult>0</difficult>
		<bndbox>
			<xmin>181</xmin>
			<ymin>397</ymin>
			<xmax>217</xmax>
			<ymax>476</ymax>
		</bndbox>
	</object>
	<object>
		<name>Red</name>
		<pose>Unspecified</pose>
		<truncated>0</truncated>
		<difficult>0</difficult>
		<bndbox>
			<xmin>344</xmin>
			<ymin>394</ymin>
			<xmax>384</xmax>
			<ymax>475</ymax>
		</bndbox>
	</object>
	<object>
		<name>Red</name>
		<pose>Unspecified</pose>
		<truncated>0</truncated>
		<difficult>0</difficult>
		<bndbox>
			<xmin>507</xmin>
			<ymin>390</ymin>
			<xmax>545</xmax>
			<ymax>477</ymax>
		</bndbox>
	</object>
</annotation>
