<annotation verified="yes">
	<folder>sim_image</folder>
	<filename>frame1404.jpg</filename>
	<path>C:\Users\mstei\Downloads\Capstone\sim_image\frame1404.jpg</path>
	<source>
		<database>Unknown</database>
	</source>
	<size>
		<width>800</width>
		<height>600</height>
		<depth>3</depth>
	</size>
	<segmented>0</segmented>
	<object>
		<name>Green</name>
		<pose>Unspecified</pose>
		<truncated>0</truncated>
		<difficult>0</difficult>
		<bndbox>
			<xmin>275</xmin>
			<ymin>255</ymin>
			<xmax>306</xmax>
			<ymax>331</ymax>
		</bndbox>
	</object>
	<object>
		<name>Green</name>
		<pose>Unspecified</pose>
		<truncated>0</truncated>
		<difficult>0</difficult>
		<bndbox>
			<xmin>134</xmin>
			<ymin>256</ymin>
			<xmax>169</xmax>
			<ymax>332</ymax>
		</bndbox>
	</object>
	<object>
		<name>Green</name>
		<pose>Unspecified</pose>
		<truncated>1</truncated>
		<difficult>0</difficult>
		<bndbox>
			<xmin>1</xmin>
			<ymin>255</ymin>
			<xmax>27</xmax>
			<ymax>329</ymax>
		</bndbox>
	</object>
</annotation>
