<annotation verified="yes">
	<folder>sim_image</folder>
	<filename>frame1114.jpg</filename>
	<path>C:\Users\mstei\Downloads\Capstone\sim_image\frame1114.jpg</path>
	<source>
		<database>Unknown</database>
	</source>
	<size>
		<width>800</width>
		<height>600</height>
		<depth>3</depth>
	</size>
	<segmented>0</segmented>
	<object>
		<name>Red</name>
		<pose>Unspecified</pose>
		<truncated>0</truncated>
		<difficult>0</difficult>
		<bndbox>
			<xmin>245</xmin>
			<ymin>425</ymin>
			<xmax>274</xmax>
			<ymax>495</ymax>
		</bndbox>
	</object>
	<object>
		<name>Red</name>
		<pose>Unspecified</pose>
		<truncated>0</truncated>
		<difficult>0</difficult>
		<bndbox>
			<xmin>106</xmin>
			<ymin>421</ymin>
			<xmax>139</xmax>
			<ymax>495</ymax>
		</bndbox>
	</object>
</annotation>
