<annotation verified="yes">
	<folder>sim_image</folder>
	<filename>frame1148.jpg</filename>
	<path>C:\Users\mstei\Downloads\Capstone\sim_image\frame1148.jpg</path>
	<source>
		<database>Unknown</database>
	</source>
	<size>
		<width>800</width>
		<height>600</height>
		<depth>3</depth>
	</size>
	<segmented>0</segmented>
	<object>
		<name>Red</name>
		<pose>Unspecified</pose>
		<truncated>0</truncated>
		<difficult>0</difficult>
		<bndbox>
			<xmin>510</xmin>
			<ymin>247</ymin>
			<xmax>573</xmax>
			<ymax>385</ymax>
		</bndbox>
	</object>
	<object>
		<name>Red</name>
		<pose>Unspecified</pose>
		<truncated>0</truncated>
		<difficult>0</difficult>
		<bndbox>
			<xmin>232</xmin>
			<ymin>244</ymin>
			<xmax>297</xmax>
			<ymax>388</ymax>
		</bndbox>
	</object>
</annotation>
