<annotation verified="yes">
	<folder>sim_image</folder>
	<filename>frame1072.jpg</filename>
	<path>C:\Users\mstei\Downloads\Capstone\sim_image\frame1072.jpg</path>
	<source>
		<database>Unknown</database>
	</source>
	<size>
		<width>800</width>
		<height>600</height>
		<depth>3</depth>
	</size>
	<segmented>0</segmented>
	<object>
		<name>Green</name>
		<pose>Unspecified</pose>
		<truncated>0</truncated>
		<difficult>0</difficult>
		<bndbox>
			<xmin>198</xmin>
			<ymin>524</ymin>
			<xmax>210</xmax>
			<ymax>551</ymax>
		</bndbox>
	</object>
	<object>
		<name>Green</name>
		<pose>Unspecified</pose>
		<truncated>0</truncated>
		<difficult>0</difficult>
		<bndbox>
			<xmin>139</xmin>
			<ymin>523</ymin>
			<xmax>153</xmax>
			<ymax>551</ymax>
		</bndbox>
	</object>
	<object>
		<name>Green</name>
		<pose>Unspecified</pose>
		<truncated>0</truncated>
		<difficult>0</difficult>
		<bndbox>
			<xmin>80</xmin>
			<ymin>523</ymin>
			<xmax>95</xmax>
			<ymax>552</ymax>
		</bndbox>
	</object>
</annotation>
