<annotation verified="yes">
	<folder>sim_image</folder>
	<filename>frame124.jpg</filename>
	<path>C:\Users\mstei\Downloads\Capstone\sim_image\frame124.jpg</path>
	<source>
		<database>Unknown</database>
	</source>
	<size>
		<width>800</width>
		<height>600</height>
		<depth>3</depth>
	</size>
	<segmented>0</segmented>
	<object>
		<name>Red</name>
		<pose>Unspecified</pose>
		<truncated>0</truncated>
		<difficult>0</difficult>
		<bndbox>
			<xmin>587</xmin>
			<ymin>422</ymin>
			<xmax>606</xmax>
			<ymax>463</ymax>
		</bndbox>
	</object>
	<object>
		<name>Red</name>
		<pose>Unspecified</pose>
		<truncated>0</truncated>
		<difficult>0</difficult>
		<bndbox>
			<xmin>660</xmin>
			<ymin>423</ymin>
			<xmax>681</xmax>
			<ymax>463</ymax>
		</bndbox>
	</object>
	<object>
		<name>Red</name>
		<pose>Unspecified</pose>
		<truncated>0</truncated>
		<difficult>0</difficult>
		<bndbox>
			<xmin>734</xmin>
			<ymin>423</ymin>
			<xmax>752</xmax>
			<ymax>462</ymax>
		</bndbox>
	</object>
</annotation>
