<annotation verified="yes">
	<folder>sim_image</folder>
	<filename>frame1236.jpg</filename>
	<path>C:\Users\mstei\Downloads\Capstone\sim_image\frame1236.jpg</path>
	<source>
		<database>Unknown</database>
	</source>
	<size>
		<width>800</width>
		<height>600</height>
		<depth>3</depth>
	</size>
	<segmented>0</segmented>
	<object>
		<name>Red</name>
		<pose>Unspecified</pose>
		<truncated>0</truncated>
		<difficult>0</difficult>
		<bndbox>
			<xmin>121</xmin>
			<ymin>6</ymin>
			<xmax>199</xmax>
			<ymax>182</ymax>
		</bndbox>
	</object>
	<object>
		<name>Red</name>
		<pose>Unspecified</pose>
		<truncated>0</truncated>
		<difficult>0</difficult>
		<bndbox>
			<xmin>448</xmin>
			<ymin>3</ymin>
			<xmax>526</xmax>
			<ymax>179</ymax>
		</bndbox>
	</object>
</annotation>
