<annotation verified="yes">
	<folder>sim_image</folder>
	<filename>frame1157.jpg</filename>
	<path>C:\Users\mstei\Downloads\Capstone\sim_image\frame1157.jpg</path>
	<source>
		<database>Unknown</database>
	</source>
	<size>
		<width>800</width>
		<height>600</height>
		<depth>3</depth>
	</size>
	<segmented>0</segmented>
	<object>
		<name>Red</name>
		<pose>Unspecified</pose>
		<truncated>0</truncated>
		<difficult>0</difficult>
		<bndbox>
			<xmin>268</xmin>
			<ymin>193</ymin>
			<xmax>342</xmax>
			<ymax>357</ymax>
		</bndbox>
	</object>
	<object>
		<name>Red</name>
		<pose>Unspecified</pose>
		<truncated>0</truncated>
		<difficult>0</difficult>
		<bndbox>
			<xmin>583</xmin>
			<ymin>194</ymin>
			<xmax>657</xmax>
			<ymax>361</ymax>
		</bndbox>
	</object>
</annotation>
