<annotation verified="yes">
	<folder>sim_image</folder>
	<filename>frame104.jpg</filename>
	<path>C:\Users\mstei\Downloads\Capstone\sim_image\frame104.jpg</path>
	<source>
		<database>Unknown</database>
	</source>
	<size>
		<width>800</width>
		<height>600</height>
		<depth>3</depth>
	</size>
	<segmented>0</segmented>
	<object>
		<name>Yellow</name>
		<pose>Unspecified</pose>
		<truncated>0</truncated>
		<difficult>0</difficult>
		<bndbox>
			<xmin>390</xmin>
			<ymin>444</ymin>
			<xmax>403</xmax>
			<ymax>475</ymax>
		</bndbox>
	</object>
	<object>
		<name>Yellow</name>
		<pose>Unspecified</pose>
		<truncated>0</truncated>
		<difficult>0</difficult>
		<bndbox>
			<xmin>444</xmin>
			<ymin>444</ymin>
			<xmax>458</xmax>
			<ymax>475</ymax>
		</bndbox>
	</object>
	<object>
		<name>Yellow</name>
		<pose>Unspecified</pose>
		<truncated>0</truncated>
		<difficult>0</difficult>
		<bndbox>
			<xmin>499</xmin>
			<ymin>445</ymin>
			<xmax>512</xmax>
			<ymax>476</ymax>
		</bndbox>
	</object>
</annotation>
