<annotation verified="yes">
	<folder>sim_image</folder>
	<filename>frame1329.jpg</filename>
	<path>C:\Users\mstei\Downloads\Capstone\sim_image\frame1329.jpg</path>
	<source>
		<database>Unknown</database>
	</source>
	<size>
		<width>800</width>
		<height>600</height>
		<depth>3</depth>
	</size>
	<segmented>0</segmented>
	<object>
		<name>Red</name>
		<pose>Unspecified</pose>
		<truncated>1</truncated>
		<difficult>0</difficult>
		<bndbox>
			<xmin>636</xmin>
			<ymin>1</ymin>
			<xmax>719</xmax>
			<ymax>181</ymax>
		</bndbox>
	</object>
	<object>
		<name>Red</name>
		<pose>Unspecified</pose>
		<truncated>0</truncated>
		<difficult>0</difficult>
		<bndbox>
			<xmin>301</xmin>
			<ymin>3</ymin>
			<xmax>375</xmax>
			<ymax>187</ymax>
		</bndbox>
	</object>
	<object>
		<name>Red</name>
		<pose>Unspecified</pose>
		<truncated>1</truncated>
		<difficult>0</difficult>
		<bndbox>
			<xmin>1</xmin>
			<ymin>4</ymin>
			<xmax>39</xmax>
			<ymax>184</ymax>
		</bndbox>
	</object>
</annotation>
