<annotation verified="yes">
	<folder>sim_image</folder>
	<filename>frame1028.jpg</filename>
	<path>C:\Users\mstei\Downloads\Capstone\sim_image\frame1028.jpg</path>
	<source>
		<database>Unknown</database>
	</source>
	<size>
		<width>800</width>
		<height>600</height>
		<depth>3</depth>
	</size>
	<segmented>0</segmented>
	<object>
		<name>Green</name>
		<pose>Unspecified</pose>
		<truncated>0</truncated>
		<difficult>0</difficult>
		<bndbox>
			<xmin>266</xmin>
			<ymin>270</ymin>
			<xmax>294</xmax>
			<ymax>331</ymax>
		</bndbox>
	</object>
	<object>
		<name>Green</name>
		<pose>Unspecified</pose>
		<truncated>0</truncated>
		<difficult>0</difficult>
		<bndbox>
			<xmin>387</xmin>
			<ymin>270</ymin>
			<xmax>412</xmax>
			<ymax>330</ymax>
		</bndbox>
	</object>
	<object>
		<name>Green</name>
		<pose>Unspecified</pose>
		<truncated>0</truncated>
		<difficult>0</difficult>
		<bndbox>
			<xmin>506</xmin>
			<ymin>265</ymin>
			<xmax>532</xmax>
			<ymax>329</ymax>
		</bndbox>
	</object>
</annotation>
