<annotation verified="yes">
	<folder>sim_image</folder>
	<filename>frame1325.jpg</filename>
	<path>C:\Users\mstei\Downloads\Capstone\sim_image\frame1325.jpg</path>
	<source>
		<database>Unknown</database>
	</source>
	<size>
		<width>800</width>
		<height>600</height>
		<depth>3</depth>
	</size>
	<segmented>0</segmented>
	<object>
		<name>Red</name>
		<pose>Unspecified</pose>
		<truncated>0</truncated>
		<difficult>0</difficult>
		<bndbox>
			<xmin>584</xmin>
			<ymin>68</ymin>
			<xmax>652</xmax>
			<ymax>224</ymax>
		</bndbox>
	</object>
	<object>
		<name>Red</name>
		<pose>Unspecified</pose>
		<truncated>0</truncated>
		<difficult>0</difficult>
		<bndbox>
			<xmin>296</xmin>
			<ymin>72</ymin>
			<xmax>360</xmax>
			<ymax>227</ymax>
		</bndbox>
	</object>
	<object>
		<name>Red</name>
		<pose>Unspecified</pose>
		<truncated>0</truncated>
		<difficult>0</difficult>
		<bndbox>
			<xmin>6</xmin>
			<ymin>75</ymin>
			<xmax>74</xmax>
			<ymax>226</ymax>
		</bndbox>
	</object>
</annotation>
