<annotation verified="yes">
	<folder>sim_image</folder>
	<filename>frame1080.jpg</filename>
	<path>C:\Users\mstei\Downloads\Capstone\sim_image\frame1080.jpg</path>
	<source>
		<database>Unknown</database>
	</source>
	<size>
		<width>800</width>
		<height>600</height>
		<depth>3</depth>
	</size>
	<segmented>0</segmented>
	<object>
		<name>Green</name>
		<pose>Unspecified</pose>
		<truncated>0</truncated>
		<difficult>1</difficult>
		<bndbox>
			<xmin>184</xmin>
			<ymin>516</ymin>
			<xmax>198</xmax>
			<ymax>545</ymax>
		</bndbox>
	</object>
	<object>
		<name>Green</name>
		<pose>Unspecified</pose>
		<truncated>0</truncated>
		<difficult>1</difficult>
		<bndbox>
			<xmin>117</xmin>
			<ymin>513</ymin>
			<xmax>132</xmax>
			<ymax>547</ymax>
		</bndbox>
	</object>
	<object>
		<name>Green</name>
		<pose>Unspecified</pose>
		<truncated>0</truncated>
		<difficult>1</difficult>
		<bndbox>
			<xmin>52</xmin>
			<ymin>513</ymin>
			<xmax>66</xmax>
			<ymax>547</ymax>
		</bndbox>
	</object>
</annotation>
