<annotation verified="yes">
	<folder>sim_image</folder>
	<filename>frame102.jpg</filename>
	<path>C:\Users\mstei\Downloads\Capstone\sim_image\frame102.jpg</path>
	<source>
		<database>Unknown</database>
	</source>
	<size>
		<width>800</width>
		<height>600</height>
		<depth>3</depth>
	</size>
	<segmented>0</segmented>
	<object>
		<name>Green</name>
		<pose>Unspecified</pose>
		<truncated>0</truncated>
		<difficult>0</difficult>
		<bndbox>
			<xmin>402</xmin>
			<ymin>445</ymin>
			<xmax>414</xmax>
			<ymax>475</ymax>
		</bndbox>
	</object>
	<object>
		<name>Green</name>
		<pose>Unspecified</pose>
		<truncated>0</truncated>
		<difficult>0</difficult>
		<bndbox>
			<xmin>454</xmin>
			<ymin>445</ymin>
			<xmax>467</xmax>
			<ymax>474</ymax>
		</bndbox>
	</object>
	<object>
		<name>Green</name>
		<pose>Unspecified</pose>
		<truncated>0</truncated>
		<difficult>0</difficult>
		<bndbox>
			<xmin>507</xmin>
			<ymin>446</ymin>
			<xmax>519</xmax>
			<ymax>474</ymax>
		</bndbox>
	</object>
</annotation>
