<annotation verified="yes">
	<folder>sim_image</folder>
	<filename>frame1187.jpg</filename>
	<path>C:\Users\mstei\Downloads\Capstone\sim_image\frame1187.jpg</path>
	<source>
		<database>Unknown</database>
	</source>
	<size>
		<width>800</width>
		<height>600</height>
		<depth>3</depth>
	</size>
	<segmented>0</segmented>
	<object>
		<name>Green</name>
		<pose>Unspecified</pose>
		<truncated>0</truncated>
		<difficult>0</difficult>
		<bndbox>
			<xmin>265</xmin>
			<ymin>152</ymin>
			<xmax>344</xmax>
			<ymax>342</ymax>
		</bndbox>
	</object>
	<object>
		<name>Green</name>
		<pose>Unspecified</pose>
		<truncated>0</truncated>
		<difficult>0</difficult>
		<bndbox>
			<xmin>609</xmin>
			<ymin>156</ymin>
			<xmax>691</xmax>
			<ymax>349</ymax>
		</bndbox>
	</object>
</annotation>
