<annotation verified="yes">
	<folder>sim_image</folder>
	<filename>frame126.jpg</filename>
	<path>C:\Users\mstei\Downloads\Capstone\sim_image\frame126.jpg</path>
	<source>
		<database>Unknown</database>
	</source>
	<size>
		<width>800</width>
		<height>600</height>
		<depth>3</depth>
	</size>
	<segmented>0</segmented>
	<object>
		<name>Red</name>
		<pose>Unspecified</pose>
		<truncated>0</truncated>
		<difficult>0</difficult>
		<bndbox>
			<xmin>440</xmin>
			<ymin>421</ymin>
			<xmax>457</xmax>
			<ymax>460</ymax>
		</bndbox>
	</object>
	<object>
		<name>Red</name>
		<pose>Unspecified</pose>
		<truncated>0</truncated>
		<difficult>0</difficult>
		<bndbox>
			<xmin>514</xmin>
			<ymin>420</ymin>
			<xmax>532</xmax>
			<ymax>460</ymax>
		</bndbox>
	</object>
	<object>
		<name>Red</name>
		<pose>Unspecified</pose>
		<truncated>0</truncated>
		<difficult>0</difficult>
		<bndbox>
			<xmin>590</xmin>
			<ymin>420</ymin>
			<xmax>607</xmax>
			<ymax>460</ymax>
		</bndbox>
	</object>
</annotation>
