<annotation verified="yes">
	<folder>sim_image</folder>
	<filename>frame1140.jpg</filename>
	<path>C:\Users\mstei\Downloads\Capstone\sim_image\frame1140.jpg</path>
	<source>
		<database>Unknown</database>
	</source>
	<size>
		<width>800</width>
		<height>600</height>
		<depth>3</depth>
	</size>
	<segmented>0</segmented>
	<object>
		<name>Red</name>
		<pose>Unspecified</pose>
		<truncated>0</truncated>
		<difficult>0</difficult>
		<bndbox>
			<xmin>470</xmin>
			<ymin>296</ymin>
			<xmax>528</xmax>
			<ymax>421</ymax>
		</bndbox>
	</object>
	<object>
		<name>Red</name>
		<pose>Unspecified</pose>
		<truncated>0</truncated>
		<difficult>0</difficult>
		<bndbox>
			<xmin>224</xmin>
			<ymin>294</ymin>
			<xmax>283</xmax>
			<ymax>417</ymax>
		</bndbox>
	</object>
	<object>
		<name>Red</name>
		<pose>Unspecified</pose>
		<truncated>1</truncated>
		<difficult>0</difficult>
		<bndbox>
			<xmin>1</xmin>
			<ymin>292</ymin>
			<xmax>34</xmax>
			<ymax>416</ymax>
		</bndbox>
	</object>
</annotation>
