<annotation verified="yes">
	<folder>sim_image</folder>
	<filename>frame1382.jpg</filename>
	<path>C:\Users\mstei\Downloads\Capstone\sim_image\frame1382.jpg</path>
	<source>
		<database>Unknown</database>
	</source>
	<size>
		<width>800</width>
		<height>600</height>
		<depth>3</depth>
	</size>
	<segmented>0</segmented>
	<object>
		<name>Green</name>
		<pose>Unspecified</pose>
		<truncated>0</truncated>
		<difficult>0</difficult>
		<bndbox>
			<xmin>320</xmin>
			<ymin>342</ymin>
			<xmax>336</xmax>
			<ymax>379</ymax>
		</bndbox>
	</object>
	<object>
		<name>Green</name>
		<pose>Unspecified</pose>
		<truncated>0</truncated>
		<difficult>0</difficult>
		<bndbox>
			<xmin>247</xmin>
			<ymin>339</ymin>
			<xmax>266</xmax>
			<ymax>379</ymax>
		</bndbox>
	</object>
	<object>
		<name>Green</name>
		<pose>Unspecified</pose>
		<truncated>0</truncated>
		<difficult>0</difficult>
		<bndbox>
			<xmin>174</xmin>
			<ymin>338</ymin>
			<xmax>193</xmax>
			<ymax>380</ymax>
		</bndbox>
	</object>
</annotation>
