<annotation verified="yes">
	<folder>sim_image</folder>
	<filename>frame1445.jpg</filename>
	<path>C:\Users\mstei\Downloads\Capstone\sim_image\frame1445.jpg</path>
	<source>
		<database>Unknown</database>
	</source>
	<size>
		<width>800</width>
		<height>600</height>
		<depth>3</depth>
	</size>
	<segmented>0</segmented>
	<object>
		<name>Yellow</name>
		<pose>Unspecified</pose>
		<truncated>0</truncated>
		<difficult>0</difficult>
		<bndbox>
			<xmin>14</xmin>
			<ymin>189</ymin>
			<xmax>61</xmax>
			<ymax>294</ymax>
		</bndbox>
	</object>
	<object>
		<name>Yellow</name>
		<pose>Unspecified</pose>
		<truncated>0</truncated>
		<difficult>0</difficult>
		<bndbox>
			<xmin>216</xmin>
			<ymin>189</ymin>
			<xmax>261</xmax>
			<ymax>294</ymax>
		</bndbox>
	</object>
	<object>
		<name>Yellow</name>
		<pose>Unspecified</pose>
		<truncated>0</truncated>
		<difficult>0</difficult>
		<bndbox>
			<xmin>417</xmin>
			<ymin>189</ymin>
			<xmax>462</xmax>
			<ymax>295</ymax>
		</bndbox>
	</object>
</annotation>
