<annotation verified="yes">
	<folder>sim_image</folder>
	<filename>frame1131.jpg</filename>
	<path>C:\Users\mstei\Downloads\Capstone\sim_image\frame1131.jpg</path>
	<source>
		<database>Unknown</database>
	</source>
	<size>
		<width>800</width>
		<height>600</height>
		<depth>3</depth>
	</size>
	<segmented>0</segmented>
	<object>
		<name>Red</name>
		<pose>Unspecified</pose>
		<truncated>0</truncated>
		<difficult>0</difficult>
		<bndbox>
			<xmin>451</xmin>
			<ymin>337</ymin>
			<xmax>496</xmax>
			<ymax>446</ymax>
		</bndbox>
	</object>
	<object>
		<name>Red</name>
		<pose>Unspecified</pose>
		<truncated>0</truncated>
		<difficult>0</difficult>
		<bndbox>
			<xmin>234</xmin>
			<ymin>333</ymin>
			<xmax>290</xmax>
			<ymax>451</ymax>
		</bndbox>
	</object>
	<object>
		<name>Red</name>
		<pose>Unspecified</pose>
		<truncated>0</truncated>
		<difficult>0</difficult>
		<bndbox>
			<xmin>17</xmin>
			<ymin>331</ymin>
			<xmax>65</xmax>
			<ymax>443</ymax>
		</bndbox>
	</object>
</annotation>
