<annotation verified="yes">
	<folder>sim_image</folder>
	<filename>frame1047.jpg</filename>
	<path>C:\Users\mstei\Downloads\Capstone\sim_image\frame1047.jpg</path>
	<source>
		<database>Unknown</database>
	</source>
	<size>
		<width>800</width>
		<height>600</height>
		<depth>3</depth>
	</size>
	<segmented>0</segmented>
	<object>
		<name>Green</name>
		<pose>Unspecified</pose>
		<truncated>0</truncated>
		<difficult>0</difficult>
		<bndbox>
			<xmin>216</xmin>
			<ymin>196</ymin>
			<xmax>260</xmax>
			<ymax>291</ymax>
		</bndbox>
	</object>
	<object>
		<name>Green</name>
		<pose>Unspecified</pose>
		<truncated>0</truncated>
		<difficult>0</difficult>
		<bndbox>
			<xmin>404</xmin>
			<ymin>193</ymin>
			<xmax>445</xmax>
			<ymax>292</ymax>
		</bndbox>
	</object>
	<object>
		<name>Green</name>
		<pose>Unspecified</pose>
		<truncated>0</truncated>
		<difficult>0</difficult>
		<bndbox>
			<xmin>590</xmin>
			<ymin>189</ymin>
			<xmax>634</xmax>
			<ymax>289</ymax>
		</bndbox>
	</object>
</annotation>
