<annotation verified="yes">
	<folder>sim_image</folder>
	<filename>frame1153.jpg</filename>
	<path>C:\Users\mstei\Downloads\Capstone\sim_image\frame1153.jpg</path>
	<source>
		<database>Unknown</database>
	</source>
	<size>
		<width>800</width>
		<height>600</height>
		<depth>3</depth>
	</size>
	<segmented>0</segmented>
	<object>
		<name>Red</name>
		<pose>Unspecified</pose>
		<truncated>0</truncated>
		<difficult>0</difficult>
		<bndbox>
			<xmin>523</xmin>
			<ymin>220</ymin>
			<xmax>594</xmax>
			<ymax>368</ymax>
		</bndbox>
	</object>
	<object>
		<name>Red</name>
		<pose>Unspecified</pose>
		<truncated>0</truncated>
		<difficult>0</difficult>
		<bndbox>
			<xmin>227</xmin>
			<ymin>217</ymin>
			<xmax>299</xmax>
			<ymax>379</ymax>
		</bndbox>
	</object>
</annotation>
