<annotation verified="yes">
	<folder>sim_image</folder>
	<filename>frame1021.jpg</filename>
	<path>C:\Users\mstei\Downloads\Capstone\sim_image\frame1021.jpg</path>
	<source>
		<database>Unknown</database>
	</source>
	<size>
		<width>800</width>
		<height>600</height>
		<depth>3</depth>
	</size>
	<segmented>0</segmented>
	<object>
		<name>Red</name>
		<pose>Unspecified</pose>
		<truncated>0</truncated>
		<difficult>0</difficult>
		<bndbox>
			<xmin>356</xmin>
			<ymin>291</ymin>
			<xmax>380</xmax>
			<ymax>343</ymax>
		</bndbox>
	</object>
	<object>
		<name>Red</name>
		<pose>Unspecified</pose>
		<truncated>0</truncated>
		<difficult>0</difficult>
		<bndbox>
			<xmin>459</xmin>
			<ymin>290</ymin>
			<xmax>483</xmax>
			<ymax>342</ymax>
		</bndbox>
	</object>
	<object>
		<name>Red</name>
		<pose>Unspecified</pose>
		<truncated>0</truncated>
		<difficult>0</difficult>
		<bndbox>
			<xmin>564</xmin>
			<ymin>288</ymin>
			<xmax>588</xmax>
			<ymax>342</ymax>
		</bndbox>
	</object>
</annotation>
