<annotation verified="yes">
	<folder>sim_image</folder>
	<filename>frame1030.jpg</filename>
	<path>C:\Users\mstei\Downloads\Capstone\sim_image\frame1030.jpg</path>
	<source>
		<database>Unknown</database>
	</source>
	<size>
		<width>800</width>
		<height>600</height>
		<depth>3</depth>
	</size>
	<segmented>0</segmented>
	<object>
		<name>Green</name>
		<pose>Unspecified</pose>
		<truncated>0</truncated>
		<difficult>0</difficult>
		<bndbox>
			<xmin>514</xmin>
			<ymin>263</ymin>
			<xmax>543</xmax>
			<ymax>326</ymax>
		</bndbox>
	</object>
	<object>
		<name>Green</name>
		<pose>Unspecified</pose>
		<truncated>0</truncated>
		<difficult>0</difficult>
		<bndbox>
			<xmin>389</xmin>
			<ymin>264</ymin>
			<xmax>418</xmax>
			<ymax>326</ymax>
		</bndbox>
	</object>
	<object>
		<name>Green</name>
		<pose>Unspecified</pose>
		<truncated>0</truncated>
		<difficult>0</difficult>
		<bndbox>
			<xmin>266</xmin>
			<ymin>265</ymin>
			<xmax>295</xmax>
			<ymax>327</ymax>
		</bndbox>
	</object>
</annotation>
