<annotation verified="yes">
	<folder>sim_image</folder>
	<filename>frame1008.jpg</filename>
	<path>C:\Users\mstei\Downloads\Capstone\sim_image\frame1008.jpg</path>
	<source>
		<database>Unknown</database>
	</source>
	<size>
		<width>800</width>
		<height>600</height>
		<depth>3</depth>
	</size>
	<segmented>0</segmented>
	<object>
		<name>Red</name>
		<pose>Unspecified</pose>
		<truncated>0</truncated>
		<difficult>0</difficult>
		<bndbox>
			<xmin>500</xmin>
			<ymin>324</ymin>
			<xmax>515</xmax>
			<ymax>365</ymax>
		</bndbox>
	</object>
	<object>
		<name>Red</name>
		<pose>Unspecified</pose>
		<truncated>0</truncated>
		<difficult>0</difficult>
		<bndbox>
			<xmin>575</xmin>
			<ymin>325</ymin>
			<xmax>592</xmax>
			<ymax>364</ymax>
		</bndbox>
	</object>
	<object>
		<name>Red</name>
		<pose>Unspecified</pose>
		<truncated>0</truncated>
		<difficult>0</difficult>
		<bndbox>
			<xmin>654</xmin>
			<ymin>324</ymin>
			<xmax>669</xmax>
			<ymax>365</ymax>
		</bndbox>
	</object>
</annotation>
