<annotation verified="yes">
	<folder>sim_image</folder>
	<filename>frame1111.jpg</filename>
	<path>C:\Users\mstei\Downloads\Capstone\sim_image\frame1111.jpg</path>
	<source>
		<database>Unknown</database>
	</source>
	<size>
		<width>800</width>
		<height>600</height>
		<depth>3</depth>
	</size>
	<segmented>0</segmented>
	<object>
		<name>Red</name>
		<pose>Unspecified</pose>
		<truncated>0</truncated>
		<difficult>0</difficult>
		<bndbox>
			<xmin>313</xmin>
			<ymin>434</ymin>
			<xmax>342</xmax>
			<ymax>502</ymax>
		</bndbox>
	</object>
	<object>
		<name>Red</name>
		<pose>Unspecified</pose>
		<truncated>0</truncated>
		<difficult>0</difficult>
		<bndbox>
			<xmin>189</xmin>
			<ymin>438</ymin>
			<xmax>216</xmax>
			<ymax>502</ymax>
		</bndbox>
	</object>
	<object>
		<name>Red</name>
		<pose>Unspecified</pose>
		<truncated>0</truncated>
		<difficult>0</difficult>
		<bndbox>
			<xmin>63</xmin>
			<ymin>438</ymin>
			<xmax>92</xmax>
			<ymax>502</ymax>
		</bndbox>
	</object>
</annotation>
