<annotation verified="yes">
	<folder>sim_image</folder>
	<filename>frame1309.jpg</filename>
	<path>C:\Users\mstei\Downloads\Capstone\sim_image\frame1309.jpg</path>
	<source>
		<database>Unknown</database>
	</source>
	<size>
		<width>800</width>
		<height>600</height>
		<depth>3</depth>
	</size>
	<segmented>0</segmented>
	<object>
		<name>Red</name>
		<pose>Unspecified</pose>
		<truncated>0</truncated>
		<difficult>0</difficult>
		<bndbox>
			<xmin>706</xmin>
			<ymin>94</ymin>
			<xmax>769</xmax>
			<ymax>239</ymax>
		</bndbox>
	</object>
	<object>
		<name>Red</name>
		<pose>Unspecified</pose>
		<truncated>0</truncated>
		<difficult>0</difficult>
		<bndbox>
			<xmin>437</xmin>
			<ymin>101</ymin>
			<xmax>495</xmax>
			<ymax>239</ymax>
		</bndbox>
	</object>
</annotation>
