<annotation verified="yes">
	<folder>sim_image</folder>
	<filename>frame1371.jpg</filename>
	<path>C:\Users\mstei\Downloads\Capstone\sim_image\frame1371.jpg</path>
	<source>
		<database>Unknown</database>
	</source>
	<size>
		<width>800</width>
		<height>600</height>
		<depth>3</depth>
	</size>
	<segmented>0</segmented>
	<object>
		<name>Red</name>
		<pose>Unspecified</pose>
		<truncated>0</truncated>
		<difficult>1</difficult>
		<bndbox>
			<xmin>605</xmin>
			<ymin>368</ymin>
			<xmax>615</xmax>
			<ymax>392</ymax>
		</bndbox>
	</object>
	<object>
		<name>Red</name>
		<pose>Unspecified</pose>
		<truncated>0</truncated>
		<difficult>1</difficult>
		<bndbox>
			<xmin>659</xmin>
			<ymin>367</ymin>
			<xmax>670</xmax>
			<ymax>393</ymax>
		</bndbox>
	</object>
	<object>
		<name>Red</name>
		<pose>Unspecified</pose>
		<truncated>0</truncated>
		<difficult>1</difficult>
		<bndbox>
			<xmin>712</xmin>
			<ymin>367</ymin>
			<xmax>722</xmax>
			<ymax>395</ymax>
		</bndbox>
	</object>
</annotation>
