<annotation verified="yes">
	<folder>sim_image</folder>
	<filename>frame1075.jpg</filename>
	<path>C:\Users\mstei\Downloads\Capstone\sim_image\frame1075.jpg</path>
	<source>
		<database>Unknown</database>
	</source>
	<size>
		<width>800</width>
		<height>600</height>
		<depth>3</depth>
	</size>
	<segmented>0</segmented>
	<object>
		<name>Green</name>
		<pose>Unspecified</pose>
		<truncated>0</truncated>
		<difficult>1</difficult>
		<bndbox>
			<xmin>72</xmin>
			<ymin>518</ymin>
			<xmax>85</xmax>
			<ymax>551</ymax>
		</bndbox>
	</object>
	<object>
		<name>Green</name>
		<pose>Unspecified</pose>
		<truncated>0</truncated>
		<difficult>1</difficult>
		<bndbox>
			<xmin>133</xmin>
			<ymin>518</ymin>
			<xmax>146</xmax>
			<ymax>549</ymax>
		</bndbox>
	</object>
	<object>
		<name>Green</name>
		<pose>Unspecified</pose>
		<truncated>0</truncated>
		<difficult>1</difficult>
		<bndbox>
			<xmin>195</xmin>
			<ymin>519</ymin>
			<xmax>207</xmax>
			<ymax>550</ymax>
		</bndbox>
	</object>
</annotation>
