<annotation verified="yes">
	<folder>sim_image</folder>
	<filename>frame1304.jpg</filename>
	<path>C:\Users\mstei\Downloads\Capstone\sim_image\frame1304.jpg</path>
	<source>
		<database>Unknown</database>
	</source>
	<size>
		<width>800</width>
		<height>600</height>
		<depth>3</depth>
	</size>
	<segmented>0</segmented>
	<object>
		<name>Red</name>
		<pose>Unspecified</pose>
		<truncated>0</truncated>
		<difficult>0</difficult>
		<bndbox>
			<xmin>514</xmin>
			<ymin>111</ymin>
			<xmax>573</xmax>
			<ymax>245</ymax>
		</bndbox>
	</object>
	<object>
		<name>Red</name>
		<pose>Unspecified</pose>
		<truncated>0</truncated>
		<difficult>0</difficult>
		<bndbox>
			<xmin>775</xmin>
			<ymin>102</ymin>
			<xmax>799</xmax>
			<ymax>243</ymax>
		</bndbox>
	</object>
</annotation>
