<annotation verified="yes">
	<folder>sim_image</folder>
	<filename>frame1147.jpg</filename>
	<path>C:\Users\mstei\Downloads\Capstone\sim_image\frame1147.jpg</path>
	<source>
		<database>Unknown</database>
	</source>
	<size>
		<width>800</width>
		<height>600</height>
		<depth>3</depth>
	</size>
	<segmented>0</segmented>
	<object>
		<name>Red</name>
		<pose>Unspecified</pose>
		<truncated>0</truncated>
		<difficult>0</difficult>
		<bndbox>
			<xmin>507</xmin>
			<ymin>251</ymin>
			<xmax>568</xmax>
			<ymax>395</ymax>
		</bndbox>
	</object>
	<object>
		<name>Red</name>
		<pose>Unspecified</pose>
		<truncated>0</truncated>
		<difficult>0</difficult>
		<bndbox>
			<xmin>233</xmin>
			<ymin>249</ymin>
			<xmax>297</xmax>
			<ymax>389</ymax>
		</bndbox>
	</object>
</annotation>
