<annotation verified="yes">
	<folder>sim_image</folder>
	<filename>frame112.jpg</filename>
	<path>C:\Users\mstei\Downloads\Capstone\sim_image\frame112.jpg</path>
	<source>
		<database>Unknown</database>
	</source>
	<size>
		<width>800</width>
		<height>600</height>
		<depth>3</depth>
	</size>
	<segmented>0</segmented>
	<object>
		<name>Yellow</name>
		<pose>Unspecified</pose>
		<truncated>0</truncated>
		<difficult>0</difficult>
		<bndbox>
			<xmin>356</xmin>
			<ymin>435</ymin>
			<xmax>370</xmax>
			<ymax>468</ymax>
		</bndbox>
	</object>
	<object>
		<name>Yellow</name>
		<pose>Unspecified</pose>
		<truncated>0</truncated>
		<difficult>0</difficult>
		<bndbox>
			<xmin>415</xmin>
			<ymin>435</ymin>
			<xmax>431</xmax>
			<ymax>470</ymax>
		</bndbox>
	</object>
	<object>
		<name>Yellow</name>
		<pose>Unspecified</pose>
		<truncated>0</truncated>
		<difficult>0</difficult>
		<bndbox>
			<xmin>474</xmin>
			<ymin>435</ymin>
			<xmax>492</xmax>
			<ymax>470</ymax>
		</bndbox>
	</object>
</annotation>
