<annotation verified="yes">
	<folder>sim_image</folder>
	<filename>frame1127.jpg</filename>
	<path>C:\Users\mstei\Downloads\Capstone\sim_image\frame1127.jpg</path>
	<source>
		<database>Unknown</database>
	</source>
	<size>
		<width>800</width>
		<height>600</height>
		<depth>3</depth>
	</size>
	<segmented>0</segmented>
	<object>
		<name>Red</name>
		<pose>Unspecified</pose>
		<truncated>0</truncated>
		<difficult>0</difficult>
		<bndbox>
			<xmin>43</xmin>
			<ymin>354</ymin>
			<xmax>87</xmax>
			<ymax>454</ymax>
		</bndbox>
	</object>
	<object>
		<name>Red</name>
		<pose>Unspecified</pose>
		<truncated>0</truncated>
		<difficult>0</difficult>
		<bndbox>
			<xmin>436</xmin>
			<ymin>354</ymin>
			<xmax>482</xmax>
			<ymax>455</ymax>
		</bndbox>
	</object>
	<object>
		<name>Red</name>
		<pose>Unspecified</pose>
		<truncated>0</truncated>
		<difficult>0</difficult>
		<bndbox>
			<xmin>240</xmin>
			<ymin>353</ymin>
			<xmax>286</xmax>
			<ymax>454</ymax>
		</bndbox>
	</object>
</annotation>
