<annotation verified="yes">
	<folder>sim_image</folder>
	<filename>frame114.jpg</filename>
	<path>C:\Users\mstei\Downloads\Capstone\sim_image\frame114.jpg</path>
	<source>
		<database>Unknown</database>
	</source>
	<size>
		<width>800</width>
		<height>600</height>
		<depth>3</depth>
	</size>
	<segmented>0</segmented>
	<object>
		<name>Yellow</name>
		<pose>Unspecified</pose>
		<truncated>0</truncated>
		<difficult>0</difficult>
		<bndbox>
			<xmin>470</xmin>
			<ymin>434</ymin>
			<xmax>486</xmax>
			<ymax>468</ymax>
		</bndbox>
	</object>
	<object>
		<name>Yellow</name>
		<pose>Unspecified</pose>
		<truncated>0</truncated>
		<difficult>0</difficult>
		<bndbox>
			<xmin>409</xmin>
			<ymin>433</ymin>
			<xmax>426</xmax>
			<ymax>467</ymax>
		</bndbox>
	</object>
	<object>
		<name>Yellow</name>
		<pose>Unspecified</pose>
		<truncated>0</truncated>
		<difficult>0</difficult>
		<bndbox>
			<xmin>348</xmin>
			<ymin>433</ymin>
			<xmax>363</xmax>
			<ymax>469</ymax>
		</bndbox>
	</object>
</annotation>
