<annotation verified="yes">
	<folder>sim_image</folder>
	<filename>frame1066.jpg</filename>
	<path>C:\Users\mstei\Downloads\Capstone\sim_image\frame1066.jpg</path>
	<source>
		<database>Unknown</database>
	</source>
	<size>
		<width>800</width>
		<height>600</height>
		<depth>3</depth>
	</size>
	<segmented>0</segmented>
	<object>
		<name>Green</name>
		<pose>Unspecified</pose>
		<truncated>0</truncated>
		<difficult>1</difficult>
		<bndbox>
			<xmin>339</xmin>
			<ymin>531</ymin>
			<xmax>349</xmax>
			<ymax>556</ymax>
		</bndbox>
	</object>
	<object>
		<name>Green</name>
		<pose>Unspecified</pose>
		<truncated>0</truncated>
		<difficult>1</difficult>
		<bndbox>
			<xmin>285</xmin>
			<ymin>531</ymin>
			<xmax>298</xmax>
			<ymax>556</ymax>
		</bndbox>
	</object>
	<object>
		<name>Green</name>
		<pose>Unspecified</pose>
		<truncated>0</truncated>
		<difficult>1</difficult>
		<bndbox>
			<xmin>233</xmin>
			<ymin>531</ymin>
			<xmax>245</xmax>
			<ymax>556</ymax>
		</bndbox>
	</object>
</annotation>
