<annotation verified="yes">
	<folder>sim_image</folder>
	<filename>frame1014.jpg</filename>
	<path>C:\Users\mstei\Downloads\Capstone\sim_image\frame1014.jpg</path>
	<source>
		<database>Unknown</database>
	</source>
	<size>
		<width>800</width>
		<height>600</height>
		<depth>3</depth>
	</size>
	<segmented>0</segmented>
	<object>
		<name>Red</name>
		<pose>Unspecified</pose>
		<truncated>0</truncated>
		<difficult>0</difficult>
		<bndbox>
			<xmin>545</xmin>
			<ymin>310</ymin>
			<xmax>564</xmax>
			<ymax>357</ymax>
		</bndbox>
	</object>
	<object>
		<name>Red</name>
		<pose>Unspecified</pose>
		<truncated>0</truncated>
		<difficult>0</difficult>
		<bndbox>
			<xmin>455</xmin>
			<ymin>309</ymin>
			<xmax>474</xmax>
			<ymax>356</ymax>
		</bndbox>
	</object>
	<object>
		<name>Red</name>
		<pose>Unspecified</pose>
		<truncated>0</truncated>
		<difficult>0</difficult>
		<bndbox>
			<xmin>368</xmin>
			<ymin>311</ymin>
			<xmax>387</xmax>
			<ymax>358</ymax>
		</bndbox>
	</object>
</annotation>
