<annotation verified="yes">
	<folder>sim_image</folder>
	<filename>frame1202.jpg</filename>
	<path>C:\Users\mstei\Downloads\Capstone\sim_image\frame1202.jpg</path>
	<source>
		<database>Unknown</database>
	</source>
	<size>
		<width>800</width>
		<height>600</height>
		<depth>3</depth>
	</size>
	<segmented>0</segmented>
	<object>
		<name>Green</name>
		<pose>Unspecified</pose>
		<truncated>0</truncated>
		<difficult>0</difficult>
		<bndbox>
			<xmin>629</xmin>
			<ymin>254</ymin>
			<xmax>660</xmax>
			<ymax>322</ymax>
		</bndbox>
	</object>
	<object>
		<name>Green</name>
		<pose>Unspecified</pose>
		<truncated>0</truncated>
		<difficult>0</difficult>
		<bndbox>
			<xmin>499</xmin>
			<ymin>256</ymin>
			<xmax>530</xmax>
			<ymax>325</ymax>
		</bndbox>
	</object>
	<object>
		<name>Green</name>
		<pose>Unspecified</pose>
		<truncated>0</truncated>
		<difficult>0</difficult>
		<bndbox>
			<xmin>374</xmin>
			<ymin>259</ymin>
			<xmax>402</xmax>
			<ymax>325</ymax>
		</bndbox>
	</object>
</annotation>
