<annotation verified="yes">
	<folder>sim_image</folder>
	<filename>frame1015.jpg</filename>
	<path>C:\Users\mstei\Downloads\Capstone\sim_image\frame1015.jpg</path>
	<source>
		<database>Unknown</database>
	</source>
	<size>
		<width>800</width>
		<height>600</height>
		<depth>3</depth>
	</size>
	<segmented>0</segmented>
	<object>
		<name>Red</name>
		<pose>Unspecified</pose>
		<truncated>0</truncated>
		<difficult>0</difficult>
		<bndbox>
			<xmin>359</xmin>
			<ymin>311</ymin>
			<xmax>378</xmax>
			<ymax>355</ymax>
		</bndbox>
	</object>
	<object>
		<name>Red</name>
		<pose>Unspecified</pose>
		<truncated>0</truncated>
		<difficult>0</difficult>
		<bndbox>
			<xmin>536</xmin>
			<ymin>304</ymin>
			<xmax>560</xmax>
			<ymax>357</ymax>
		</bndbox>
	</object>
	<object>
		<name>Red</name>
		<pose>Unspecified</pose>
		<truncated>0</truncated>
		<difficult>0</difficult>
		<bndbox>
			<xmin>447</xmin>
			<ymin>307</ymin>
			<xmax>467</xmax>
			<ymax>353</ymax>
		</bndbox>
	</object>
</annotation>
