<annotation verified="yes">
	<folder>sim_image</folder>
	<filename>frame1137.jpg</filename>
	<path>C:\Users\mstei\Downloads\Capstone\sim_image\frame1137.jpg</path>
	<source>
		<database>Unknown</database>
	</source>
	<size>
		<width>800</width>
		<height>600</height>
		<depth>3</depth>
	</size>
	<segmented>0</segmented>
	<object>
		<name>Red</name>
		<pose>Unspecified</pose>
		<truncated>0</truncated>
		<difficult>0</difficult>
		<bndbox>
			<xmin>463</xmin>
			<ymin>312</ymin>
			<xmax>519</xmax>
			<ymax>428</ymax>
		</bndbox>
	</object>
	<object>
		<name>Red</name>
		<pose>Unspecified</pose>
		<truncated>0</truncated>
		<difficult>0</difficult>
		<bndbox>
			<xmin>233</xmin>
			<ymin>308</ymin>
			<xmax>284</xmax>
			<ymax>422</ymax>
		</bndbox>
	</object>
	<object>
		<name>Red</name>
		<pose>Unspecified</pose>
		<truncated>1</truncated>
		<difficult>0</difficult>
		<bndbox>
			<xmin>1</xmin>
			<ymin>305</ymin>
			<xmax>47</xmax>
			<ymax>425</ymax>
		</bndbox>
	</object>
</annotation>
