<annotation verified="yes">
	<folder>sim_image</folder>
	<filename>frame1197.jpg</filename>
	<path>C:\Users\mstei\Downloads\Capstone\sim_image\frame1197.jpg</path>
	<source>
		<database>Unknown</database>
	</source>
	<size>
		<width>800</width>
		<height>600</height>
		<depth>3</depth>
	</size>
	<segmented>0</segmented>
	<object>
		<name>Green</name>
		<pose>Unspecified</pose>
		<truncated>0</truncated>
		<difficult>0</difficult>
		<bndbox>
			<xmin>254</xmin>
			<ymin>281</ymin>
			<xmax>281</xmax>
			<ymax>341</ymax>
		</bndbox>
	</object>
	<object>
		<name>Green</name>
		<pose>Unspecified</pose>
		<truncated>0</truncated>
		<difficult>0</difficult>
		<bndbox>
			<xmin>361</xmin>
			<ymin>281</ymin>
			<xmax>390</xmax>
			<ymax>338</ymax>
		</bndbox>
	</object>
	<object>
		<name>Green</name>
		<pose>Unspecified</pose>
		<truncated>0</truncated>
		<difficult>0</difficult>
		<bndbox>
			<xmin>472</xmin>
			<ymin>279</ymin>
			<xmax>499</xmax>
			<ymax>336</ymax>
		</bndbox>
	</object>
</annotation>
