<annotation verified="yes">
	<folder>sim_image</folder>
	<filename>frame1049.jpg</filename>
	<path>C:\Users\mstei\Downloads\Capstone\sim_image\frame1049.jpg</path>
	<source>
		<database>Unknown</database>
	</source>
	<size>
		<width>800</width>
		<height>600</height>
		<depth>3</depth>
	</size>
	<segmented>0</segmented>
	<object>
		<name>Green</name>
		<pose>Unspecified</pose>
		<truncated>0</truncated>
		<difficult>0</difficult>
		<bndbox>
			<xmin>168</xmin>
			<ymin>184</ymin>
			<xmax>213</xmax>
			<ymax>287</ymax>
		</bndbox>
	</object>
	<object>
		<name>Green</name>
		<pose>Unspecified</pose>
		<truncated>0</truncated>
		<difficult>0</difficult>
		<bndbox>
			<xmin>364</xmin>
			<ymin>181</ymin>
			<xmax>408</xmax>
			<ymax>285</ymax>
		</bndbox>
	</object>
	<object>
		<name>Green</name>
		<pose>Unspecified</pose>
		<truncated>0</truncated>
		<difficult>0</difficult>
		<bndbox>
			<xmin>560</xmin>
			<ymin>176</ymin>
			<xmax>606</xmax>
			<ymax>285</ymax>
		</bndbox>
	</object>
</annotation>
