<annotation verified="yes">
	<folder>sim_image</folder>
	<filename>frame139.jpg</filename>
	<path>C:\Users\mstei\Downloads\Capstone\sim_image\frame139.jpg</path>
	<source>
		<database>Unknown</database>
	</source>
	<size>
		<width>800</width>
		<height>600</height>
		<depth>3</depth>
	</size>
	<segmented>0</segmented>
	<object>
		<name>Red</name>
		<pose>Unspecified</pose>
		<truncated>0</truncated>
		<difficult>0</difficult>
		<bndbox>
			<xmin>540</xmin>
			<ymin>326</ymin>
			<xmax>567</xmax>
			<ymax>379</ymax>
		</bndbox>
	</object>
	<object>
		<name>Red</name>
		<pose>Unspecified</pose>
		<truncated>0</truncated>
		<difficult>0</difficult>
		<bndbox>
			<xmin>638</xmin>
			<ymin>323</ymin>
			<xmax>665</xmax>
			<ymax>379</ymax>
		</bndbox>
	</object>
	<object>
		<name>Red</name>
		<pose>Unspecified</pose>
		<truncated>0</truncated>
		<difficult>0</difficult>
		<bndbox>
			<xmin>736</xmin>
			<ymin>323</ymin>
			<xmax>762</xmax>
			<ymax>379</ymax>
		</bndbox>
	</object>
</annotation>
