<annotation verified="yes">
	<folder>sim_image</folder>
	<filename>frame1136.jpg</filename>
	<path>C:\Users\mstei\Downloads\Capstone\sim_image\frame1136.jpg</path>
	<source>
		<database>Unknown</database>
	</source>
	<size>
		<width>800</width>
		<height>600</height>
		<depth>3</depth>
	</size>
	<segmented>0</segmented>
	<object>
		<name>Red</name>
		<pose>Unspecified</pose>
		<truncated>0</truncated>
		<difficult>0</difficult>
		<bndbox>
			<xmin>459</xmin>
			<ymin>315</ymin>
			<xmax>516</xmax>
			<ymax>432</ymax>
		</bndbox>
	</object>
	<object>
		<name>Red</name>
		<pose>Unspecified</pose>
		<truncated>0</truncated>
		<difficult>0</difficult>
		<bndbox>
			<xmin>229</xmin>
			<ymin>311</ymin>
			<xmax>284</xmax>
			<ymax>426</ymax>
		</bndbox>
	</object>
	<object>
		<name>Red</name>
		<pose>Unspecified</pose>
		<truncated>1</truncated>
		<difficult>0</difficult>
		<bndbox>
			<xmin>1</xmin>
			<ymin>308</ymin>
			<xmax>54</xmax>
			<ymax>430</ymax>
		</bndbox>
	</object>
</annotation>
