<annotation verified="yes">
	<folder>sim_image</folder>
	<filename>frame1410.jpg</filename>
	<path>C:\Users\mstei\Downloads\Capstone\sim_image\frame1410.jpg</path>
	<source>
		<database>Unknown</database>
	</source>
	<size>
		<width>800</width>
		<height>600</height>
		<depth>3</depth>
	</size>
	<segmented>0</segmented>
	<object>
		<name>Green</name>
		<pose>Unspecified</pose>
		<truncated>0</truncated>
		<difficult>0</difficult>
		<bndbox>
			<xmin>241</xmin>
			<ymin>224</ymin>
			<xmax>278</xmax>
			<ymax>312</ymax>
		</bndbox>
	</object>
	<object>
		<name>Green</name>
		<pose>Unspecified</pose>
		<truncated>0</truncated>
		<difficult>0</difficult>
		<bndbox>
			<xmin>72</xmin>
			<ymin>225</ymin>
			<xmax>110</xmax>
			<ymax>312</ymax>
		</bndbox>
	</object>
</annotation>
