<annotation verified="yes">
	<folder>sim_image</folder>
	<filename>frame1167.jpg</filename>
	<path>C:\Users\mstei\Downloads\Capstone\sim_image\frame1167.jpg</path>
	<source>
		<database>Unknown</database>
	</source>
	<size>
		<width>800</width>
		<height>600</height>
		<depth>3</depth>
	</size>
	<segmented>0</segmented>
	<object>
		<name>Red</name>
		<pose>Unspecified</pose>
		<truncated>0</truncated>
		<difficult>0</difficult>
		<bndbox>
			<xmin>591</xmin>
			<ymin>181</ymin>
			<xmax>672</xmax>
			<ymax>348</ymax>
		</bndbox>
	</object>
	<object>
		<name>Red</name>
		<pose>Unspecified</pose>
		<truncated>0</truncated>
		<difficult>0</difficult>
		<bndbox>
			<xmin>268</xmin>
			<ymin>179</ymin>
			<xmax>345</xmax>
			<ymax>361</ymax>
		</bndbox>
	</object>
</annotation>
