<annotation verified="yes">
	<folder>sim_image</folder>
	<filename>frame1048.jpg</filename>
	<path>C:\Users\mstei\Downloads\Capstone\sim_image\frame1048.jpg</path>
	<source>
		<database>Unknown</database>
	</source>
	<size>
		<width>800</width>
		<height>600</height>
		<depth>3</depth>
	</size>
	<segmented>0</segmented>
	<object>
		<name>Green</name>
		<pose>Unspecified</pose>
		<truncated>0</truncated>
		<difficult>0</difficult>
		<bndbox>
			<xmin>211</xmin>
			<ymin>190</ymin>
			<xmax>252</xmax>
			<ymax>289</ymax>
		</bndbox>
	</object>
	<object>
		<name>Green</name>
		<pose>Unspecified</pose>
		<truncated>0</truncated>
		<difficult>0</difficult>
		<bndbox>
			<xmin>401</xmin>
			<ymin>188</ymin>
			<xmax>444</xmax>
			<ymax>291</ymax>
		</bndbox>
	</object>
	<object>
		<name>Green</name>
		<pose>Unspecified</pose>
		<truncated>0</truncated>
		<difficult>0</difficult>
		<bndbox>
			<xmin>595</xmin>
			<ymin>184</ymin>
			<xmax>639</xmax>
			<ymax>287</ymax>
		</bndbox>
	</object>
</annotation>
