<annotation verified="yes">
	<folder>sim_image</folder>
	<filename>frame107.jpg</filename>
	<path>C:\Users\mstei\Downloads\Capstone\sim_image\frame107.jpg</path>
	<source>
		<database>Unknown</database>
	</source>
	<size>
		<width>800</width>
		<height>600</height>
		<depth>3</depth>
	</size>
	<segmented>0</segmented>
	<object>
		<name>Yellow</name>
		<pose>Unspecified</pose>
		<truncated>0</truncated>
		<difficult>0</difficult>
		<bndbox>
			<xmin>377</xmin>
			<ymin>442</ymin>
			<xmax>390</xmax>
			<ymax>474</ymax>
		</bndbox>
	</object>
	<object>
		<name>Yellow</name>
		<pose>Unspecified</pose>
		<truncated>0</truncated>
		<difficult>0</difficult>
		<bndbox>
			<xmin>434</xmin>
			<ymin>442</ymin>
			<xmax>447</xmax>
			<ymax>474</ymax>
		</bndbox>
	</object>
	<object>
		<name>Yellow</name>
		<pose>Unspecified</pose>
		<truncated>0</truncated>
		<difficult>0</difficult>
		<bndbox>
			<xmin>489</xmin>
			<ymin>441</ymin>
			<xmax>502</xmax>
			<ymax>473</ymax>
		</bndbox>
	</object>
</annotation>
