<annotation verified="yes">
	<folder>sim_image</folder>
	<filename>frame1051.jpg</filename>
	<path>C:\Users\mstei\Downloads\Capstone\sim_image\frame1051.jpg</path>
	<source>
		<database>Unknown</database>
	</source>
	<size>
		<width>800</width>
		<height>600</height>
		<depth>3</depth>
	</size>
	<segmented>0</segmented>
	<object>
		<name>Green</name>
		<pose>Unspecified</pose>
		<truncated>0</truncated>
		<difficult>0</difficult>
		<bndbox>
			<xmin>129</xmin>
			<ymin>173</ymin>
			<xmax>178</xmax>
			<ymax>277</ymax>
		</bndbox>
	</object>
	<object>
		<name>Green</name>
		<pose>Unspecified</pose>
		<truncated>0</truncated>
		<difficult>0</difficult>
		<bndbox>
			<xmin>334</xmin>
			<ymin>170</ymin>
			<xmax>382</xmax>
			<ymax>280</ymax>
		</bndbox>
	</object>
	<object>
		<name>Green</name>
		<pose>Unspecified</pose>
		<truncated>0</truncated>
		<difficult>0</difficult>
		<bndbox>
			<xmin>540</xmin>
			<ymin>169</ymin>
			<xmax>592</xmax>
			<ymax>276</ymax>
		</bndbox>
	</object>
</annotation>
