<annotation verified="yes">
	<folder>sim_image</folder>
	<filename>frame1143.jpg</filename>
	<path>C:\Users\mstei\Downloads\Capstone\sim_image\frame1143.jpg</path>
	<source>
		<database>Unknown</database>
	</source>
	<size>
		<width>800</width>
		<height>600</height>
		<depth>3</depth>
	</size>
	<segmented>0</segmented>
	<object>
		<name>Red</name>
		<pose>Unspecified</pose>
		<truncated>0</truncated>
		<difficult>0</difficult>
		<bndbox>
			<xmin>479</xmin>
			<ymin>274</ymin>
			<xmax>537</xmax>
			<ymax>402</ymax>
		</bndbox>
	</object>
	<object>
		<name>Red</name>
		<pose>Unspecified</pose>
		<truncated>0</truncated>
		<difficult>0</difficult>
		<bndbox>
			<xmin>220</xmin>
			<ymin>270</ymin>
			<xmax>284</xmax>
			<ymax>396</ymax>
		</bndbox>
	</object>
</annotation>
