<annotation verified="yes">
	<folder>sim_image</folder>
	<filename>frame1026.jpg</filename>
	<path>C:\Users\mstei\Downloads\Capstone\sim_image\frame1026.jpg</path>
	<source>
		<database>Unknown</database>
	</source>
	<size>
		<width>800</width>
		<height>600</height>
		<depth>3</depth>
	</size>
	<segmented>0</segmented>
	<object>
		<name>Green</name>
		<pose>Unspecified</pose>
		<truncated>0</truncated>
		<difficult>0</difficult>
		<bndbox>
			<xmin>267</xmin>
			<ymin>273</ymin>
			<xmax>294</xmax>
			<ymax>334</ymax>
		</bndbox>
	</object>
	<object>
		<name>Green</name>
		<pose>Unspecified</pose>
		<truncated>0</truncated>
		<difficult>0</difficult>
		<bndbox>
			<xmin>380</xmin>
			<ymin>274</ymin>
			<xmax>408</xmax>
			<ymax>335</ymax>
		</bndbox>
	</object>
	<object>
		<name>Green</name>
		<pose>Unspecified</pose>
		<truncated>0</truncated>
		<difficult>0</difficult>
		<bndbox>
			<xmin>495</xmin>
			<ymin>273</ymin>
			<xmax>524</xmax>
			<ymax>334</ymax>
		</bndbox>
	</object>
</annotation>
