<annotation verified="yes">
	<folder>sim_image</folder>
	<filename>frame12.jpg</filename>
	<path>C:\Users\mstei\Downloads\Capstone\sim_image\frame12.jpg</path>
	<source>
		<database>Unknown</database>
	</source>
	<size>
		<width>800</width>
		<height>600</height>
		<depth>3</depth>
	</size>
	<segmented>0</segmented>
	<object>
		<name>Red</name>
		<pose>Unspecified</pose>
		<truncated>0</truncated>
		<difficult>0</difficult>
		<bndbox>
			<xmin>19</xmin>
			<ymin>356</ymin>
			<xmax>95</xmax>
			<ymax>535</ymax>
		</bndbox>
	</object>
	<object>
		<name>Red</name>
		<pose>Unspecified</pose>
		<truncated>0</truncated>
		<difficult>0</difficult>
		<bndbox>
			<xmin>346</xmin>
			<ymin>349</ymin>
			<xmax>424</xmax>
			<ymax>530</ymax>
		</bndbox>
	</object>
	<object>
		<name>Red</name>
		<pose>Unspecified</pose>
		<truncated>0</truncated>
		<difficult>0</difficult>
		<bndbox>
			<xmin>681</xmin>
			<ymin>341</ymin>
			<xmax>767</xmax>
			<ymax>524</ymax>
		</bndbox>
	</object>
</annotation>
