<annotation verified="yes">
	<folder>sim_image</folder>
	<filename>frame1099.jpg</filename>
	<path>C:\Users\mstei\Downloads\Capstone\sim_image\frame1099.jpg</path>
	<source>
		<database>Unknown</database>
	</source>
	<size>
		<width>800</width>
		<height>600</height>
		<depth>3</depth>
	</size>
	<segmented>0</segmented>
	<object>
		<name>Yellow</name>
		<pose>Unspecified</pose>
		<truncated>0</truncated>
		<difficult>0</difficult>
		<bndbox>
			<xmin>198</xmin>
			<ymin>482</ymin>
			<xmax>219</xmax>
			<ymax>533</ymax>
		</bndbox>
	</object>
	<object>
		<name>Yellow</name>
		<pose>Unspecified</pose>
		<truncated>0</truncated>
		<difficult>0</difficult>
		<bndbox>
			<xmin>109</xmin>
			<ymin>482</ymin>
			<xmax>129</xmax>
			<ymax>529</ymax>
		</bndbox>
	</object>
	<object>
		<name>Yellow</name>
		<pose>Unspecified</pose>
		<truncated>0</truncated>
		<difficult>0</difficult>
		<bndbox>
			<xmin>20</xmin>
			<ymin>481</ymin>
			<xmax>36</xmax>
			<ymax>529</ymax>
		</bndbox>
	</object>
</annotation>
