<annotation verified="yes">
	<folder>sim_image</folder>
	<filename>frame1317.jpg</filename>
	<path>C:\Users\mstei\Downloads\Capstone\sim_image\frame1317.jpg</path>
	<source>
		<database>Unknown</database>
	</source>
	<size>
		<width>800</width>
		<height>600</height>
		<depth>3</depth>
	</size>
	<segmented>0</segmented>
	<object>
		<name>Red</name>
		<pose>Unspecified</pose>
		<truncated>0</truncated>
		<difficult>0</difficult>
		<bndbox>
			<xmin>460</xmin>
			<ymin>88</ymin>
			<xmax>523</xmax>
			<ymax>233</ymax>
		</bndbox>
	</object>
	<object>
		<name>Red</name>
		<pose>Unspecified</pose>
		<truncated>0</truncated>
		<difficult>0</difficult>
		<bndbox>
			<xmin>185</xmin>
			<ymin>88</ymin>
			<xmax>249</xmax>
			<ymax>234</ymax>
		</bndbox>
	</object>
</annotation>
