<annotation verified="yes">
	<folder>sim_image</folder>
	<filename>frame1206.jpg</filename>
	<path>C:\Users\mstei\Downloads\Capstone\sim_image\frame1206.jpg</path>
	<source>
		<database>Unknown</database>
	</source>
	<size>
		<width>800</width>
		<height>600</height>
		<depth>3</depth>
	</size>
	<segmented>0</segmented>
	<object>
		<name>Green</name>
		<pose>Unspecified</pose>
		<truncated>0</truncated>
		<difficult>0</difficult>
		<bndbox>
			<xmin>687</xmin>
			<ymin>233</ymin>
			<xmax>723</xmax>
			<ymax>313</ymax>
		</bndbox>
	</object>
	<object>
		<name>Green</name>
		<pose>Unspecified</pose>
		<truncated>0</truncated>
		<difficult>0</difficult>
		<bndbox>
			<xmin>539</xmin>
			<ymin>236</ymin>
			<xmax>575</xmax>
			<ymax>312</ymax>
		</bndbox>
	</object>
</annotation>
