<annotation verified="yes">
	<folder>sim_image</folder>
	<filename>frame1188.jpg</filename>
	<path>C:\Users\mstei\Downloads\Capstone\sim_image\frame1188.jpg</path>
	<source>
		<database>Unknown</database>
	</source>
	<size>
		<width>800</width>
		<height>600</height>
		<depth>3</depth>
	</size>
	<segmented>0</segmented>
	<object>
		<name>Green</name>
		<pose>Unspecified</pose>
		<truncated>0</truncated>
		<difficult>0</difficult>
		<bndbox>
			<xmin>264</xmin>
			<ymin>142</ymin>
			<xmax>345</xmax>
			<ymax>335</ymax>
		</bndbox>
	</object>
	<object>
		<name>Green</name>
		<pose>Unspecified</pose>
		<truncated>0</truncated>
		<difficult>0</difficult>
		<bndbox>
			<xmin>617</xmin>
			<ymin>145</ymin>
			<xmax>701</xmax>
			<ymax>337</ymax>
		</bndbox>
	</object>
</annotation>
