<annotation verified="yes">
	<folder>sim_image</folder>
	<filename>frame108.jpg</filename>
	<path>C:\Users\mstei\Downloads\Capstone\sim_image\frame108.jpg</path>
	<source>
		<database>Unknown</database>
	</source>
	<size>
		<width>800</width>
		<height>600</height>
		<depth>3</depth>
	</size>
	<segmented>0</segmented>
	<object>
		<name>Yellow</name>
		<pose>Unspecified</pose>
		<truncated>0</truncated>
		<difficult>0</difficult>
		<bndbox>
			<xmin>372</xmin>
			<ymin>441</ymin>
			<xmax>385</xmax>
			<ymax>474</ymax>
		</bndbox>
	</object>
	<object>
		<name>Yellow</name>
		<pose>Unspecified</pose>
		<truncated>0</truncated>
		<difficult>0</difficult>
		<bndbox>
			<xmin>428</xmin>
			<ymin>441</ymin>
			<xmax>442</xmax>
			<ymax>474</ymax>
		</bndbox>
	</object>
	<object>
		<name>Yellow</name>
		<pose>Unspecified</pose>
		<truncated>0</truncated>
		<difficult>0</difficult>
		<bndbox>
			<xmin>485</xmin>
			<ymin>441</ymin>
			<xmax>499</xmax>
			<ymax>473</ymax>
		</bndbox>
	</object>
</annotation>
