<annotation verified="yes">
	<folder>sim_image</folder>
	<filename>frame1392.jpg</filename>
	<path>C:\Users\mstei\Downloads\Capstone\sim_image\frame1392.jpg</path>
	<source>
		<database>Unknown</database>
	</source>
	<size>
		<width>800</width>
		<height>600</height>
		<depth>3</depth>
	</size>
	<segmented>0</segmented>
	<object>
		<name>Green</name>
		<pose>Unspecified</pose>
		<truncated>0</truncated>
		<difficult>0</difficult>
		<bndbox>
			<xmin>212</xmin>
			<ymin>308</ymin>
			<xmax>237</xmax>
			<ymax>361</ymax>
		</bndbox>
	</object>
	<object>
		<name>Green</name>
		<pose>Unspecified</pose>
		<truncated>0</truncated>
		<difficult>0</difficult>
		<bndbox>
			<xmin>114</xmin>
			<ymin>308</ymin>
			<xmax>138</xmax>
			<ymax>359</ymax>
		</bndbox>
	</object>
	<object>
		<name>Green</name>
		<pose>Unspecified</pose>
		<truncated>0</truncated>
		<difficult>0</difficult>
		<bndbox>
			<xmin>16</xmin>
			<ymin>307</ymin>
			<xmax>39</xmax>
			<ymax>360</ymax>
		</bndbox>
	</object>
</annotation>
