<annotation verified="yes">
	<folder>sim_image</folder>
	<filename>frame1225.jpg</filename>
	<path>C:\Users\mstei\Downloads\Capstone\sim_image\frame1225.jpg</path>
	<source>
		<database>Unknown</database>
	</source>
	<size>
		<width>800</width>
		<height>600</height>
		<depth>3</depth>
	</size>
	<segmented>0</segmented>
	<object>
		<name>Yellow</name>
		<pose>Unspecified</pose>
		<truncated>0</truncated>
		<difficult>0</difficult>
		<bndbox>
			<xmin>712</xmin>
			<ymin>59</ymin>
			<xmax>781</xmax>
			<ymax>214</ymax>
		</bndbox>
	</object>
	<object>
		<name>Yellow</name>
		<pose>Unspecified</pose>
		<truncated>0</truncated>
		<difficult>0</difficult>
		<bndbox>
			<xmin>425</xmin>
			<ymin>65</ymin>
			<xmax>490</xmax>
			<ymax>216</ymax>
		</bndbox>
	</object>
	<object>
		<name>Yellow</name>
		<pose>Unspecified</pose>
		<truncated>0</truncated>
		<difficult>0</difficult>
		<bndbox>
			<xmin>142</xmin>
			<ymin>67</ymin>
			<xmax>208</xmax>
			<ymax>221</ymax>
		</bndbox>
	</object>
</annotation>
