<annotation verified="yes">
	<folder>sim_image</folder>
	<filename>frame1389.jpg</filename>
	<path>C:\Users\mstei\Downloads\Capstone\sim_image\frame1389.jpg</path>
	<source>
		<database>Unknown</database>
	</source>
	<size>
		<width>800</width>
		<height>600</height>
		<depth>3</depth>
	</size>
	<segmented>0</segmented>
	<object>
		<name>Green</name>
		<pose>Unspecified</pose>
		<truncated>0</truncated>
		<difficult>0</difficult>
		<bndbox>
			<xmin>25</xmin>
			<ymin>321</ymin>
			<xmax>46</xmax>
			<ymax>367</ymax>
		</bndbox>
	</object>
</annotation>
