<annotation verified="yes">
	<folder>sim_image</folder>
	<filename>frame1200.jpg</filename>
	<path>C:\Users\mstei\Downloads\Capstone\sim_image\frame1200.jpg</path>
	<source>
		<database>Unknown</database>
	</source>
	<size>
		<width>800</width>
		<height>600</height>
		<depth>3</depth>
	</size>
	<segmented>0</segmented>
	<object>
		<name>Green</name>
		<pose>Unspecified</pose>
		<truncated>0</truncated>
		<difficult>0</difficult>
		<bndbox>
			<xmin>489</xmin>
			<ymin>266</ymin>
			<xmax>514</xmax>
			<ymax>330</ymax>
		</bndbox>
	</object>
	<object>
		<name>Green</name>
		<pose>Unspecified</pose>
		<truncated>0</truncated>
		<difficult>0</difficult>
		<bndbox>
			<xmin>370</xmin>
			<ymin>269</ymin>
			<xmax>396</xmax>
			<ymax>329</ymax>
		</bndbox>
	</object>
	<object>
		<name>Green</name>
		<pose>Unspecified</pose>
		<truncated>0</truncated>
		<difficult>0</difficult>
		<bndbox>
			<xmin>250</xmin>
			<ymin>269</ymin>
			<xmax>277</xmax>
			<ymax>331</ymax>
		</bndbox>
	</object>
</annotation>
