<annotation verified="yes">
	<folder>sim_image</folder>
	<filename>frame1444.jpg</filename>
	<path>C:\Users\mstei\Downloads\Capstone\sim_image\frame1444.jpg</path>
	<source>
		<database>Unknown</database>
	</source>
	<size>
		<width>800</width>
		<height>600</height>
		<depth>3</depth>
	</size>
	<segmented>0</segmented>
	<object>
		<name>Yellow</name>
		<pose>Unspecified</pose>
		<truncated>0</truncated>
		<difficult>0</difficult>
		<bndbox>
			<xmin>395</xmin>
			<ymin>194</ymin>
			<xmax>439</xmax>
			<ymax>298</ymax>
		</bndbox>
	</object>
	<object>
		<name>Yellow</name>
		<pose>Unspecified</pose>
		<truncated>0</truncated>
		<difficult>0</difficult>
		<bndbox>
			<xmin>199</xmin>
			<ymin>194</ymin>
			<xmax>244</xmax>
			<ymax>297</ymax>
		</bndbox>
	</object>
	<object>
		<name>Yellow</name>
		<pose>Unspecified</pose>
		<truncated>1</truncated>
		<difficult>0</difficult>
		<bndbox>
			<xmin>1</xmin>
			<ymin>195</ymin>
			<xmax>46</xmax>
			<ymax>297</ymax>
		</bndbox>
	</object>
</annotation>
