<annotation verified="yes">
	<folder>sim_image</folder>
	<filename>frame1016.jpg</filename>
	<path>C:\Users\mstei\Downloads\Capstone\sim_image\frame1016.jpg</path>
	<source>
		<database>Unknown</database>
	</source>
	<size>
		<width>800</width>
		<height>600</height>
		<depth>3</depth>
	</size>
	<segmented>0</segmented>
	<object>
		<name>Red</name>
		<pose>Unspecified</pose>
		<truncated>0</truncated>
		<difficult>0</difficult>
		<bndbox>
			<xmin>401</xmin>
			<ymin>303</ymin>
			<xmax>424</xmax>
			<ymax>354</ymax>
		</bndbox>
	</object>
	<object>
		<name>Red</name>
		<pose>Unspecified</pose>
		<truncated>0</truncated>
		<difficult>0</difficult>
		<bndbox>
			<xmin>309</xmin>
			<ymin>303</ymin>
			<xmax>332</xmax>
			<ymax>354</ymax>
		</bndbox>
	</object>
	<object>
		<name>Red</name>
		<pose>Unspecified</pose>
		<truncated>0</truncated>
		<difficult>0</difficult>
		<bndbox>
			<xmin>217</xmin>
			<ymin>303</ymin>
			<xmax>240</xmax>
			<ymax>354</ymax>
		</bndbox>
	</object>
</annotation>
