<annotation verified="yes">
	<folder>sim_image</folder>
	<filename>frame1132.jpg</filename>
	<path>C:\Users\mstei\Downloads\Capstone\sim_image\frame1132.jpg</path>
	<source>
		<database>Unknown</database>
	</source>
	<size>
		<width>800</width>
		<height>600</height>
		<depth>3</depth>
	</size>
	<segmented>0</segmented>
	<object>
		<name>Red</name>
		<pose>Unspecified</pose>
		<truncated>0</truncated>
		<difficult>0</difficult>
		<bndbox>
			<xmin>449</xmin>
			<ymin>331</ymin>
			<xmax>507</xmax>
			<ymax>439</ymax>
		</bndbox>
	</object>
	<object>
		<name>Red</name>
		<pose>Unspecified</pose>
		<truncated>0</truncated>
		<difficult>0</difficult>
		<bndbox>
			<xmin>234</xmin>
			<ymin>326</ymin>
			<xmax>287</xmax>
			<ymax>450</ymax>
		</bndbox>
	</object>
	<object>
		<name>Red</name>
		<pose>Unspecified</pose>
		<truncated>0</truncated>
		<difficult>0</difficult>
		<bndbox>
			<xmin>13</xmin>
			<ymin>324</ymin>
			<xmax>65</xmax>
			<ymax>441</ymax>
		</bndbox>
	</object>
</annotation>
