<annotation verified="yes">
	<folder>sim_image</folder>
	<filename>frame1331.jpg</filename>
	<path>C:\Users\mstei\Downloads\Capstone\sim_image\frame1331.jpg</path>
	<source>
		<database>Unknown</database>
	</source>
	<size>
		<width>800</width>
		<height>600</height>
		<depth>3</depth>
	</size>
	<segmented>0</segmented>
	<object>
		<name>Red</name>
		<pose>Unspecified</pose>
		<truncated>1</truncated>
		<difficult>0</difficult>
		<bndbox>
			<xmin>692</xmin>
			<ymin>1</ymin>
			<xmax>791</xmax>
			<ymax>150</ymax>
		</bndbox>
	</object>
	<object>
		<name>Red</name>
		<pose>Unspecified</pose>
		<truncated>1</truncated>
		<difficult>0</difficult>
		<bndbox>
			<xmin>299</xmin>
			<ymin>1</ymin>
			<xmax>390</xmax>
			<ymax>154</ymax>
		</bndbox>
	</object>
</annotation>
