<annotation verified="yes">
	<folder>sim_image</folder>
	<filename>frame1210.jpg</filename>
	<path>C:\Users\mstei\Downloads\Capstone\sim_image\frame1210.jpg</path>
	<source>
		<database>Unknown</database>
	</source>
	<size>
		<width>800</width>
		<height>600</height>
		<depth>3</depth>
	</size>
	<segmented>0</segmented>
	<object>
		<name>Green</name>
		<pose>Unspecified</pose>
		<truncated>0</truncated>
		<difficult>0</difficult>
		<bndbox>
			<xmin>661</xmin>
			<ymin>210</ymin>
			<xmax>703</xmax>
			<ymax>300</ymax>
		</bndbox>
	</object>
	<object>
		<name>Green</name>
		<pose>Unspecified</pose>
		<truncated>0</truncated>
		<difficult>0</difficult>
		<bndbox>
			<xmin>494</xmin>
			<ymin>214</ymin>
			<xmax>532</xmax>
			<ymax>302</ymax>
		</bndbox>
	</object>
</annotation>
