<annotation>
	<folder>sim_image</folder>
	<filename>frame1380.jpg</filename>
	<path>C:\Users\mstei\Downloads\Capstone\sim_image\frame1380.jpg</path>
	<source>
		<database>Unknown</database>
	</source>
	<size>
		<width>800</width>
		<height>600</height>
		<depth>3</depth>
	</size>
	<segmented>0</segmented>
	<object>
		<name>Green</name>
		<pose>Unspecified</pose>
		<truncated>0</truncated>
		<difficult>1</difficult>
		<bndbox>
			<xmin>114</xmin>
			<ymin>348</ymin>
			<xmax>126</xmax>
			<ymax>384</ymax>
		</bndbox>
	</object>
	<object>
		<name>Green</name>
		<pose>Unspecified</pose>
		<truncated>0</truncated>
		<difficult>1</difficult>
		<bndbox>
			<xmin>44</xmin>
			<ymin>346</ymin>
			<xmax>60</xmax>
			<ymax>384</ymax>
		</bndbox>
	</object>
</annotation>
