<annotation verified="yes">
	<folder>sim_image</folder>
	<filename>frame1186.jpg</filename>
	<path>C:\Users\mstei\Downloads\Capstone\sim_image\frame1186.jpg</path>
	<source>
		<database>Unknown</database>
	</source>
	<size>
		<width>800</width>
		<height>600</height>
		<depth>3</depth>
	</size>
	<segmented>0</segmented>
	<object>
		<name>Green</name>
		<pose>Unspecified</pose>
		<truncated>0</truncated>
		<difficult>0</difficult>
		<bndbox>
			<xmin>266</xmin>
			<ymin>164</ymin>
			<xmax>345</xmax>
			<ymax>354</ymax>
		</bndbox>
	</object>
	<object>
		<name>Green</name>
		<pose>Unspecified</pose>
		<truncated>0</truncated>
		<difficult>0</difficult>
		<bndbox>
			<xmin>601</xmin>
			<ymin>169</ymin>
			<xmax>683</xmax>
			<ymax>347</ymax>
		</bndbox>
	</object>
</annotation>
