<annotation verified="yes">
	<folder>sim_image</folder>
	<filename>frame1207.jpg</filename>
	<path>C:\Users\mstei\Downloads\Capstone\sim_image\frame1207.jpg</path>
	<source>
		<database>Unknown</database>
	</source>
	<size>
		<width>800</width>
		<height>600</height>
		<depth>3</depth>
	</size>
	<segmented>0</segmented>
	<object>
		<name>Green</name>
		<pose>Unspecified</pose>
		<truncated>0</truncated>
		<difficult>0</difficult>
		<bndbox>
			<xmin>664</xmin>
			<ymin>224</ymin>
			<xmax>703</xmax>
			<ymax>308</ymax>
		</bndbox>
	</object>
	<object>
		<name>Green</name>
		<pose>Unspecified</pose>
		<truncated>0</truncated>
		<difficult>0</difficult>
		<bndbox>
			<xmin>514</xmin>
			<ymin>228</ymin>
			<xmax>548</xmax>
			<ymax>307</ymax>
		</bndbox>
	</object>
</annotation>
