<annotation verified="yes">
	<folder>sim_image</folder>
	<filename>frame128.jpg</filename>
	<path>C:\Users\mstei\Downloads\Capstone\sim_image\frame128.jpg</path>
	<source>
		<database>Unknown</database>
	</source>
	<size>
		<width>800</width>
		<height>600</height>
		<depth>3</depth>
	</size>
	<segmented>0</segmented>
	<object>
		<name>Red</name>
		<pose>Unspecified</pose>
		<truncated>0</truncated>
		<difficult>0</difficult>
		<bndbox>
			<xmin>563</xmin>
			<ymin>415</ymin>
			<xmax>581</xmax>
			<ymax>458</ymax>
		</bndbox>
	</object>
	<object>
		<name>Red</name>
		<pose>Unspecified</pose>
		<truncated>0</truncated>
		<difficult>0</difficult>
		<bndbox>
			<xmin>486</xmin>
			<ymin>414</ymin>
			<xmax>506</xmax>
			<ymax>455</ymax>
		</bndbox>
	</object>
	<object>
		<name>Red</name>
		<pose>Unspecified</pose>
		<truncated>0</truncated>
		<difficult>0</difficult>
		<bndbox>
			<xmin>410</xmin>
			<ymin>416</ymin>
			<xmax>429</xmax>
			<ymax>457</ymax>
		</bndbox>
	</object>
</annotation>
