<annotation verified="yes">
	<folder>sim_image</folder>
	<filename>frame1125.jpg</filename>
	<path>C:\Users\mstei\Downloads\Capstone\sim_image\frame1125.jpg</path>
	<source>
		<database>Unknown</database>
	</source>
	<size>
		<width>800</width>
		<height>600</height>
		<depth>3</depth>
	</size>
	<segmented>0</segmented>
	<object>
		<name>Red</name>
		<pose>Unspecified</pose>
		<truncated>0</truncated>
		<difficult>0</difficult>
		<bndbox>
			<xmin>429</xmin>
			<ymin>367</ymin>
			<xmax>474</xmax>
			<ymax>464</ymax>
		</bndbox>
	</object>
	<object>
		<name>Red</name>
		<pose>Unspecified</pose>
		<truncated>0</truncated>
		<difficult>0</difficult>
		<bndbox>
			<xmin>247</xmin>
			<ymin>366</ymin>
			<xmax>288</xmax>
			<ymax>461</ymax>
		</bndbox>
	</object>
	<object>
		<name>Red</name>
		<pose>Unspecified</pose>
		<truncated>0</truncated>
		<difficult>0</difficult>
		<bndbox>
			<xmin>54</xmin>
			<ymin>364</ymin>
			<xmax>98</xmax>
			<ymax>460</ymax>
		</bndbox>
	</object>
</annotation>
