<annotation verified="yes">
	<folder>sim_image</folder>
	<filename>frame1300.jpg</filename>
	<path>C:\Users\mstei\Downloads\Capstone\sim_image\frame1300.jpg</path>
	<source>
		<database>Unknown</database>
	</source>
	<size>
		<width>800</width>
		<height>600</height>
		<depth>3</depth>
	</size>
	<segmented>0</segmented>
	<object>
		<name>Red</name>
		<pose>Unspecified</pose>
		<truncated>0</truncated>
		<difficult>0</difficult>
		<bndbox>
			<xmin>186</xmin>
			<ymin>117</ymin>
			<xmax>239</xmax>
			<ymax>249</ymax>
		</bndbox>
	</object>
	<object>
		<name>Red</name>
		<pose>Unspecified</pose>
		<truncated>0</truncated>
		<difficult>0</difficult>
		<bndbox>
			<xmin>436</xmin>
			<ymin>116</ymin>
			<xmax>494</xmax>
			<ymax>248</ymax>
		</bndbox>
	</object>
	<object>
		<name>Red</name>
		<pose>Unspecified</pose>
		<truncated>0</truncated>
		<difficult>0</difficult>
		<bndbox>
			<xmin>691</xmin>
			<ymin>110</ymin>
			<xmax>754</xmax>
			<ymax>247</ymax>
		</bndbox>
	</object>
</annotation>
