<annotation verified="yes">
	<folder>sim_image</folder>
	<filename>frame130.jpg</filename>
	<path>C:\Users\mstei\Downloads\Capstone\sim_image\frame130.jpg</path>
	<source>
		<database>Unknown</database>
	</source>
	<size>
		<width>800</width>
		<height>600</height>
		<depth>3</depth>
	</size>
	<segmented>0</segmented>
	<object>
		<name>Red</name>
		<pose>Unspecified</pose>
		<truncated>0</truncated>
		<difficult>0</difficult>
		<bndbox>
			<xmin>552</xmin>
			<ymin>412</ymin>
			<xmax>575</xmax>
			<ymax>456</ymax>
		</bndbox>
	</object>
	<object>
		<name>Red</name>
		<pose>Unspecified</pose>
		<truncated>0</truncated>
		<difficult>0</difficult>
		<bndbox>
			<xmin>471</xmin>
			<ymin>413</ymin>
			<xmax>494</xmax>
			<ymax>454</ymax>
		</bndbox>
	</object>
	<object>
		<name>Red</name>
		<pose>Unspecified</pose>
		<truncated>0</truncated>
		<difficult>0</difficult>
		<bndbox>
			<xmin>392</xmin>
			<ymin>412</ymin>
			<xmax>412</xmax>
			<ymax>455</ymax>
		</bndbox>
	</object>
</annotation>
