<annotation verified="yes">
	<folder>sim_image</folder>
	<filename>frame109.jpg</filename>
	<path>C:\Users\mstei\Downloads\Capstone\sim_image\frame109.jpg</path>
	<source>
		<database>Unknown</database>
	</source>
	<size>
		<width>800</width>
		<height>600</height>
		<depth>3</depth>
	</size>
	<segmented>0</segmented>
	<object>
		<name>Yellow</name>
		<pose>Unspecified</pose>
		<truncated>0</truncated>
		<difficult>0</difficult>
		<bndbox>
			<xmin>366</xmin>
			<ymin>439</ymin>
			<xmax>381</xmax>
			<ymax>470</ymax>
		</bndbox>
	</object>
	<object>
		<name>Yellow</name>
		<pose>Unspecified</pose>
		<truncated>0</truncated>
		<difficult>0</difficult>
		<bndbox>
			<xmin>423</xmin>
			<ymin>439</ymin>
			<xmax>439</xmax>
			<ymax>470</ymax>
		</bndbox>
	</object>
	<object>
		<name>Yellow</name>
		<pose>Unspecified</pose>
		<truncated>0</truncated>
		<difficult>0</difficult>
		<bndbox>
			<xmin>481</xmin>
			<ymin>438</ymin>
			<xmax>496</xmax>
			<ymax>469</ymax>
		</bndbox>
	</object>
</annotation>
