<annotation verified="yes">
	<folder>sim_image</folder>
	<filename>frame13.jpg</filename>
	<path>C:\Users\mstei\Downloads\Capstone\sim_image\frame13.jpg</path>
	<source>
		<database>Unknown</database>
	</source>
	<size>
		<width>800</width>
		<height>600</height>
		<depth>3</depth>
	</size>
	<segmented>0</segmented>
	<object>
		<name>Red</name>
		<pose>Unspecified</pose>
		<truncated>0</truncated>
		<difficult>0</difficult>
		<bndbox>
			<xmin>691</xmin>
			<ymin>321</ymin>
			<xmax>782</xmax>
			<ymax>508</ymax>
		</bndbox>
	</object>
	<object>
		<name>Red</name>
		<pose>Unspecified</pose>
		<truncated>0</truncated>
		<difficult>0</difficult>
		<bndbox>
			<xmin>343</xmin>
			<ymin>330</ymin>
			<xmax>428</xmax>
			<ymax>517</ymax>
		</bndbox>
	</object>
	<object>
		<name>Red</name>
		<pose>Unspecified</pose>
		<truncated>0</truncated>
		<difficult>0</difficult>
		<bndbox>
			<xmin>6</xmin>
			<ymin>339</ymin>
			<xmax>87</xmax>
			<ymax>523</ymax>
		</bndbox>
	</object>
</annotation>
