<annotation verified="yes">
	<folder>sim_image</folder>
	<filename>frame1095.jpg</filename>
	<path>C:\Users\mstei\Downloads\Capstone\sim_image\frame1095.jpg</path>
	<source>
		<database>Unknown</database>
	</source>
	<size>
		<width>800</width>
		<height>600</height>
		<depth>3</depth>
	</size>
	<segmented>0</segmented>
	<object>
		<name>Yellow</name>
		<pose>Unspecified</pose>
		<truncated>0</truncated>
		<difficult>0</difficult>
		<bndbox>
			<xmin>207</xmin>
			<ymin>491</ymin>
			<xmax>226</xmax>
			<ymax>537</ymax>
		</bndbox>
	</object>
	<object>
		<name>Yellow</name>
		<pose>Unspecified</pose>
		<truncated>0</truncated>
		<difficult>0</difficult>
		<bndbox>
			<xmin>126</xmin>
			<ymin>491</ymin>
			<xmax>143</xmax>
			<ymax>537</ymax>
		</bndbox>
	</object>
	<object>
		<name>Yellow</name>
		<pose>Unspecified</pose>
		<truncated>0</truncated>
		<difficult>0</difficult>
		<bndbox>
			<xmin>41</xmin>
			<ymin>488</ymin>
			<xmax>62</xmax>
			<ymax>536</ymax>
		</bndbox>
	</object>
</annotation>
