<annotation verified="yes">
	<folder>sim_image</folder>
	<filename>frame1033.jpg</filename>
	<path>C:\Users\mstei\Downloads\Capstone\sim_image\frame1033.jpg</path>
	<source>
		<database>Unknown</database>
	</source>
	<size>
		<width>800</width>
		<height>600</height>
		<depth>3</depth>
	</size>
	<segmented>0</segmented>
	<object>
		<name>Green</name>
		<pose>Unspecified</pose>
		<truncated>0</truncated>
		<difficult>0</difficult>
		<bndbox>
			<xmin>235</xmin>
			<ymin>256</ymin>
			<xmax>266</xmax>
			<ymax>322</ymax>
		</bndbox>
	</object>
	<object>
		<name>Green</name>
		<pose>Unspecified</pose>
		<truncated>0</truncated>
		<difficult>0</difficult>
		<bndbox>
			<xmin>365</xmin>
			<ymin>254</ymin>
			<xmax>395</xmax>
			<ymax>323</ymax>
		</bndbox>
	</object>
	<object>
		<name>Green</name>
		<pose>Unspecified</pose>
		<truncated>0</truncated>
		<difficult>0</difficult>
		<bndbox>
			<xmin>497</xmin>
			<ymin>252</ymin>
			<xmax>526</xmax>
			<ymax>323</ymax>
		</bndbox>
	</object>
</annotation>
