<annotation verified="yes">
	<folder>sim_image</folder>
	<filename>frame1321.jpg</filename>
	<path>C:\Users\mstei\Downloads\Capstone\sim_image\frame1321.jpg</path>
	<source>
		<database>Unknown</database>
	</source>
	<size>
		<width>800</width>
		<height>600</height>
		<depth>3</depth>
	</size>
	<segmented>0</segmented>
	<object>
		<name>Red</name>
		<pose>Unspecified</pose>
		<truncated>0</truncated>
		<difficult>0</difficult>
		<bndbox>
			<xmin>572</xmin>
			<ymin>81</ymin>
			<xmax>639</xmax>
			<ymax>230</ymax>
		</bndbox>
	</object>
	<object>
		<name>Red</name>
		<pose>Unspecified</pose>
		<truncated>0</truncated>
		<difficult>0</difficult>
		<bndbox>
			<xmin>296</xmin>
			<ymin>84</ymin>
			<xmax>359</xmax>
			<ymax>231</ymax>
		</bndbox>
	</object>
	<object>
		<name>Red</name>
		<pose>Unspecified</pose>
		<truncated>0</truncated>
		<difficult>0</difficult>
		<bndbox>
			<xmin>17</xmin>
			<ymin>86</ymin>
			<xmax>80</xmax>
			<ymax>232</ymax>
		</bndbox>
	</object>
</annotation>
