<annotation verified="yes">
	<folder>sim_image</folder>
	<filename>frame1006.jpg</filename>
	<path>C:\Users\mstei\Downloads\Capstone\sim_image\frame1006.jpg</path>
	<source>
		<database>Unknown</database>
	</source>
	<size>
		<width>800</width>
		<height>600</height>
		<depth>3</depth>
	</size>
	<segmented>0</segmented>
	<object>
		<name>Red</name>
		<pose>Unspecified</pose>
		<truncated>0</truncated>
		<difficult>0</difficult>
		<bndbox>
			<xmin>583</xmin>
			<ymin>329</ymin>
			<xmax>602</xmax>
			<ymax>367</ymax>
		</bndbox>
	</object>
	<object>
		<name>Red</name>
		<pose>Unspecified</pose>
		<truncated>0</truncated>
		<difficult>0</difficult>
		<bndbox>
			<xmin>657</xmin>
			<ymin>329</ymin>
			<xmax>676</xmax>
			<ymax>369</ymax>
		</bndbox>
	</object>
	<object>
		<name>Red</name>
		<pose>Unspecified</pose>
		<truncated>0</truncated>
		<difficult>0</difficult>
		<bndbox>
			<xmin>731</xmin>
			<ymin>328</ymin>
			<xmax>750</xmax>
			<ymax>369</ymax>
		</bndbox>
	</object>
</annotation>
