<annotation verified="yes">
	<folder>sim_image</folder>
	<filename>frame1312.jpg</filename>
	<path>C:\Users\mstei\Downloads\Capstone\sim_image\frame1312.jpg</path>
	<source>
		<database>Unknown</database>
	</source>
	<size>
		<width>800</width>
		<height>600</height>
		<depth>3</depth>
	</size>
	<segmented>0</segmented>
	<object>
		<name>Red</name>
		<pose>Unspecified</pose>
		<truncated>1</truncated>
		<difficult>0</difficult>
		<bndbox>
			<xmin>740</xmin>
			<ymin>89</ymin>
			<xmax>800</xmax>
			<ymax>235</ymax>
		</bndbox>
	</object>
	<object>
		<name>Red</name>
		<pose>Unspecified</pose>
		<truncated>0</truncated>
		<difficult>0</difficult>
		<bndbox>
			<xmin>468</xmin>
			<ymin>93</ymin>
			<xmax>531</xmax>
			<ymax>237</ymax>
		</bndbox>
	</object>
	<object>
		<name>Red</name>
		<pose>Unspecified</pose>
		<truncated>0</truncated>
		<difficult>0</difficult>
		<bndbox>
			<xmin>199</xmin>
			<ymin>98</ymin>
			<xmax>260</xmax>
			<ymax>238</ymax>
		</bndbox>
	</object>
</annotation>
