<annotation verified="yes">
	<folder>sim_image</folder>
	<filename>frame1096.jpg</filename>
	<path>C:\Users\mstei\Downloads\Capstone\sim_image\frame1096.jpg</path>
	<source>
		<database>Unknown</database>
	</source>
	<size>
		<width>800</width>
		<height>600</height>
		<depth>3</depth>
	</size>
	<segmented>0</segmented>
	<object>
		<name>Yellow</name>
		<pose>Unspecified</pose>
		<truncated>0</truncated>
		<difficult>0</difficult>
		<bndbox>
			<xmin>206</xmin>
			<ymin>488</ymin>
			<xmax>225</xmax>
			<ymax>535</ymax>
		</bndbox>
	</object>
	<object>
		<name>Yellow</name>
		<pose>Unspecified</pose>
		<truncated>0</truncated>
		<difficult>0</difficult>
		<bndbox>
			<xmin>121</xmin>
			<ymin>487</ymin>
			<xmax>140</xmax>
			<ymax>535</ymax>
		</bndbox>
	</object>
	<object>
		<name>Yellow</name>
		<pose>Unspecified</pose>
		<truncated>0</truncated>
		<difficult>0</difficult>
		<bndbox>
			<xmin>37</xmin>
			<ymin>487</ymin>
			<xmax>55</xmax>
			<ymax>536</ymax>
		</bndbox>
	</object>
</annotation>
