<annotation verified="yes">
	<folder>sim_image</folder>
	<filename>frame1299.jpg</filename>
	<path>C:\Users\mstei\Downloads\Capstone\sim_image\frame1299.jpg</path>
	<source>
		<database>Unknown</database>
	</source>
	<size>
		<width>800</width>
		<height>600</height>
		<depth>3</depth>
	</size>
	<segmented>0</segmented>
	<object>
		<name>Red</name>
		<pose>Unspecified</pose>
		<truncated>0</truncated>
		<difficult>0</difficult>
		<bndbox>
			<xmin>106</xmin>
			<ymin>118</ymin>
			<xmax>164</xmax>
			<ymax>252</ymax>
		</bndbox>
	</object>
	<object>
		<name>Red</name>
		<pose>Unspecified</pose>
		<truncated>0</truncated>
		<difficult>0</difficult>
		<bndbox>
			<xmin>357</xmin>
			<ymin>116</ymin>
			<xmax>417</xmax>
			<ymax>249</ymax>
		</bndbox>
	</object>
	<object>
		<name>Red</name>
		<pose>Unspecified</pose>
		<truncated>0</truncated>
		<difficult>0</difficult>
		<bndbox>
			<xmin>612</xmin>
			<ymin>113</ymin>
			<xmax>673</xmax>
			<ymax>249</ymax>
		</bndbox>
	</object>
</annotation>
