<annotation verified="yes">
	<folder>sim_image</folder>
	<filename>frame1097.jpg</filename>
	<path>C:\Users\mstei\Downloads\Capstone\sim_image\frame1097.jpg</path>
	<source>
		<database>Unknown</database>
	</source>
	<size>
		<width>800</width>
		<height>600</height>
		<depth>3</depth>
	</size>
	<segmented>0</segmented>
	<object>
		<name>Yellow</name>
		<pose>Unspecified</pose>
		<truncated>0</truncated>
		<difficult>0</difficult>
		<bndbox>
			<xmin>206</xmin>
			<ymin>487</ymin>
			<xmax>221</xmax>
			<ymax>531</ymax>
		</bndbox>
	</object>
	<object>
		<name>Yellow</name>
		<pose>Unspecified</pose>
		<truncated>0</truncated>
		<difficult>0</difficult>
		<bndbox>
			<xmin>117</xmin>
			<ymin>484</ymin>
			<xmax>137</xmax>
			<ymax>532</ymax>
		</bndbox>
	</object>
	<object>
		<name>Yellow</name>
		<pose>Unspecified</pose>
		<truncated>0</truncated>
		<difficult>0</difficult>
		<bndbox>
			<xmin>31</xmin>
			<ymin>484</ymin>
			<xmax>50</xmax>
			<ymax>533</ymax>
		</bndbox>
	</object>
</annotation>
