<annotation verified="yes">
	<folder>sim_image</folder>
	<filename>frame1238.jpg</filename>
	<path>C:\Users\mstei\Downloads\Capstone\sim_image\frame1238.jpg</path>
	<source>
		<database>Unknown</database>
	</source>
	<size>
		<width>800</width>
		<height>600</height>
		<depth>3</depth>
	</size>
	<segmented>0</segmented>
	<object>
		<name>Red</name>
		<pose>Unspecified</pose>
		<truncated>0</truncated>
		<difficult>0</difficult>
		<bndbox>
			<xmin>449</xmin>
			<ymin>2</ymin>
			<xmax>522</xmax>
			<ymax>177</ymax>
		</bndbox>
	</object>
	<object>
		<name>Red</name>
		<pose>Unspecified</pose>
		<truncated>0</truncated>
		<difficult>0</difficult>
		<bndbox>
			<xmin>117</xmin>
			<ymin>7</ymin>
			<xmax>192</xmax>
			<ymax>181</ymax>
		</bndbox>
	</object>
</annotation>
