<annotation verified="yes">
	<folder>sim_image</folder>
	<filename>frame1166.jpg</filename>
	<path>C:\Users\mstei\Downloads\Capstone\sim_image\frame1166.jpg</path>
	<source>
		<database>Unknown</database>
	</source>
	<size>
		<width>800</width>
		<height>600</height>
		<depth>3</depth>
	</size>
	<segmented>0</segmented>
	<object>
		<name>Red</name>
		<pose>Unspecified</pose>
		<truncated>0</truncated>
		<difficult>0</difficult>
		<bndbox>
			<xmin>592</xmin>
			<ymin>182</ymin>
			<xmax>672</xmax>
			<ymax>345</ymax>
		</bndbox>
	</object>
	<object>
		<name>Red</name>
		<pose>Unspecified</pose>
		<truncated>0</truncated>
		<difficult>0</difficult>
		<bndbox>
			<xmin>267</xmin>
			<ymin>179</ymin>
			<xmax>345</xmax>
			<ymax>357</ymax>
		</bndbox>
	</object>
</annotation>
