<annotation verified="yes">
	<folder>sim_image</folder>
	<filename>frame1069.jpg</filename>
	<path>C:\Users\mstei\Downloads\Capstone\sim_image\frame1069.jpg</path>
	<source>
		<database>Unknown</database>
	</source>
	<size>
		<width>800</width>
		<height>600</height>
		<depth>3</depth>
	</size>
	<segmented>0</segmented>
	<object>
		<name>Green</name>
		<pose>Unspecified</pose>
		<truncated>0</truncated>
		<difficult>1</difficult>
		<bndbox>
			<xmin>145</xmin>
			<ymin>531</ymin>
			<xmax>156</xmax>
			<ymax>553</ymax>
		</bndbox>
	</object>
	<object>
		<name>Green</name>
		<pose>Unspecified</pose>
		<truncated>0</truncated>
		<difficult>1</difficult>
		<bndbox>
			<xmin>90</xmin>
			<ymin>530</ymin>
			<xmax>101</xmax>
			<ymax>553</ymax>
		</bndbox>
	</object>
	<object>
		<name>Green</name>
		<pose>Unspecified</pose>
		<truncated>0</truncated>
		<difficult>1</difficult>
		<bndbox>
			<xmin>34</xmin>
			<ymin>530</ymin>
			<xmax>45</xmax>
			<ymax>554</ymax>
		</bndbox>
	</object>
</annotation>
