<annotation verified="yes">
	<folder>sim_image</folder>
	<filename>frame1035.jpg</filename>
	<path>C:\Users\mstei\Downloads\Capstone\sim_image\frame1035.jpg</path>
	<source>
		<database>Unknown</database>
	</source>
	<size>
		<width>800</width>
		<height>600</height>
		<depth>3</depth>
	</size>
	<segmented>0</segmented>
	<object>
		<name>Green</name>
		<pose>Unspecified</pose>
		<truncated>0</truncated>
		<difficult>0</difficult>
		<bndbox>
			<xmin>137</xmin>
			<ymin>246</ymin>
			<xmax>170</xmax>
			<ymax>319</ymax>
		</bndbox>
	</object>
	<object>
		<name>Green</name>
		<pose>Unspecified</pose>
		<truncated>0</truncated>
		<difficult>0</difficult>
		<bndbox>
			<xmin>275</xmin>
			<ymin>247</ymin>
			<xmax>307</xmax>
			<ymax>318</ymax>
		</bndbox>
	</object>
	<object>
		<name>Green</name>
		<pose>Unspecified</pose>
		<truncated>0</truncated>
		<difficult>0</difficult>
		<bndbox>
			<xmin>414</xmin>
			<ymin>245</ymin>
			<xmax>444</xmax>
			<ymax>318</ymax>
		</bndbox>
	</object>
</annotation>
