<annotation verified="yes">
	<folder>sim_image</folder>
	<filename>frame1141.jpg</filename>
	<path>C:\Users\mstei\Downloads\Capstone\sim_image\frame1141.jpg</path>
	<source>
		<database>Unknown</database>
	</source>
	<size>
		<width>800</width>
		<height>600</height>
		<depth>3</depth>
	</size>
	<segmented>0</segmented>
	<object>
		<name>Red</name>
		<pose>Unspecified</pose>
		<truncated>0</truncated>
		<difficult>0</difficult>
		<bndbox>
			<xmin>474</xmin>
			<ymin>289</ymin>
			<xmax>531</xmax>
			<ymax>411</ymax>
		</bndbox>
	</object>
	<object>
		<name>Red</name>
		<pose>Unspecified</pose>
		<truncated>0</truncated>
		<difficult>0</difficult>
		<bndbox>
			<xmin>225</xmin>
			<ymin>287</ymin>
			<xmax>283</xmax>
			<ymax>415</ymax>
		</bndbox>
	</object>
	<object>
		<name>Red</name>
		<pose>Unspecified</pose>
		<truncated>1</truncated>
		<difficult>0</difficult>
		<bndbox>
			<xmin>1</xmin>
			<ymin>283</ymin>
			<xmax>32</xmax>
			<ymax>413</ymax>
		</bndbox>
	</object>
</annotation>
