<annotation verified="yes">
	<folder>sim_image</folder>
	<filename>frame1071.jpg</filename>
	<path>C:\Users\mstei\Downloads\Capstone\sim_image\frame1071.jpg</path>
	<source>
		<database>Unknown</database>
	</source>
	<size>
		<width>800</width>
		<height>600</height>
		<depth>3</depth>
	</size>
	<segmented>0</segmented>
	<object>
		<name>Green</name>
		<pose>Unspecified</pose>
		<truncated>0</truncated>
		<difficult>1</difficult>
		<bndbox>
			<xmin>195</xmin>
			<ymin>523</ymin>
			<xmax>207</xmax>
			<ymax>554</ymax>
		</bndbox>
	</object>
	<object>
		<name>Green</name>
		<pose>Unspecified</pose>
		<truncated>0</truncated>
		<difficult>1</difficult>
		<bndbox>
			<xmin>137</xmin>
			<ymin>524</ymin>
			<xmax>150</xmax>
			<ymax>554</ymax>
		</bndbox>
	</object>
	<object>
		<name>Green</name>
		<pose>Unspecified</pose>
		<truncated>0</truncated>
		<difficult>1</difficult>
		<bndbox>
			<xmin>79</xmin>
			<ymin>523</ymin>
			<xmax>91</xmax>
			<ymax>555</ymax>
		</bndbox>
	</object>
</annotation>
