<annotation verified="yes">
	<folder>sim_image</folder>
	<filename>frame1408.jpg</filename>
	<path>C:\Users\mstei\Downloads\Capstone\sim_image\frame1408.jpg</path>
	<source>
		<database>Unknown</database>
	</source>
	<size>
		<width>800</width>
		<height>600</height>
		<depth>3</depth>
	</size>
	<segmented>0</segmented>
	<object>
		<name>Green</name>
		<pose>Unspecified</pose>
		<truncated>0</truncated>
		<difficult>0</difficult>
		<bndbox>
			<xmin>258</xmin>
			<ymin>235</ymin>
			<xmax>294</xmax>
			<ymax>318</ymax>
		</bndbox>
	</object>
	<object>
		<name>Green</name>
		<pose>Unspecified</pose>
		<truncated>0</truncated>
		<difficult>0</difficult>
		<bndbox>
			<xmin>102</xmin>
			<ymin>235</ymin>
			<xmax>137</xmax>
			<ymax>316</ymax>
		</bndbox>
	</object>
</annotation>
