<annotation verified="yes">
	<folder>sim_image</folder>
	<filename>frame1105.jpg</filename>
	<path>C:\Users\mstei\Downloads\Capstone\sim_image\frame1105.jpg</path>
	<source>
		<database>Unknown</database>
	</source>
	<size>
		<width>800</width>
		<height>600</height>
		<depth>3</depth>
	</size>
	<segmented>0</segmented>
	<object>
		<name>Yellow</name>
		<pose>Unspecified</pose>
		<truncated>0</truncated>
		<difficult>0</difficult>
		<bndbox>
			<xmin>298</xmin>
			<ymin>464</ymin>
			<xmax>320</xmax>
			<ymax>517</ymax>
		</bndbox>
	</object>
	<object>
		<name>Yellow</name>
		<pose>Unspecified</pose>
		<truncated>0</truncated>
		<difficult>0</difficult>
		<bndbox>
			<xmin>195</xmin>
			<ymin>464</ymin>
			<xmax>216</xmax>
			<ymax>518</ymax>
		</bndbox>
	</object>
	<object>
		<name>Yellow</name>
		<pose>Unspecified</pose>
		<truncated>0</truncated>
		<difficult>0</difficult>
		<bndbox>
			<xmin>88</xmin>
			<ymin>464</ymin>
			<xmax>111</xmax>
			<ymax>516</ymax>
		</bndbox>
	</object>
</annotation>
