<annotation verified="yes">
	<folder>sim_image</folder>
	<filename>frame1173.jpg</filename>
	<path>C:\Users\mstei\Downloads\Capstone\sim_image\frame1173.jpg</path>
	<source>
		<database>Unknown</database>
	</source>
	<size>
		<width>800</width>
		<height>600</height>
		<depth>3</depth>
	</size>
	<segmented>0</segmented>
	<object>
		<name>Red</name>
		<pose>Unspecified</pose>
		<truncated>0</truncated>
		<difficult>0</difficult>
		<bndbox>
			<xmin>267</xmin>
			<ymin>178</ymin>
			<xmax>347</xmax>
			<ymax>362</ymax>
		</bndbox>
	</object>
	<object>
		<name>Red</name>
		<pose>Unspecified</pose>
		<truncated>0</truncated>
		<difficult>0</difficult>
		<bndbox>
			<xmin>594</xmin>
			<ymin>183</ymin>
			<xmax>668</xmax>
			<ymax>359</ymax>
		</bndbox>
	</object>
</annotation>
