<annotation verified="yes">
	<folder>sim_image</folder>
	<filename>frame1192.jpg</filename>
	<path>C:\Users\mstei\Downloads\Capstone\sim_image\frame1192.jpg</path>
	<source>
		<database>Unknown</database>
	</source>
	<size>
		<width>800</width>
		<height>600</height>
		<depth>3</depth>
	</size>
	<segmented>0</segmented>
	<object>
		<name>Green</name>
		<pose>Unspecified</pose>
		<truncated>0</truncated>
		<difficult>0</difficult>
		<bndbox>
			<xmin>255</xmin>
			<ymin>79</ymin>
			<xmax>352</xmax>
			<ymax>304</ymax>
		</bndbox>
	</object>
	<object>
		<name>Green</name>
		<pose>Unspecified</pose>
		<truncated>0</truncated>
		<difficult>0</difficult>
		<bndbox>
			<xmin>662</xmin>
			<ymin>83</ymin>
			<xmax>759</xmax>
			<ymax>299</ymax>
		</bndbox>
	</object>
</annotation>
