<annotation verified="yes">
	<folder>sim_image</folder>
	<filename>frame1002.jpg</filename>
	<path>C:\Users\mstei\Downloads\Capstone\sim_image\frame1002.jpg</path>
	<source>
		<database>Unknown</database>
	</source>
	<size>
		<width>800</width>
		<height>600</height>
		<depth>3</depth>
	</size>
	<segmented>0</segmented>
	<object>
		<name>Red</name>
		<pose>Unspecified</pose>
		<truncated>0</truncated>
		<difficult>0</difficult>
		<bndbox>
			<xmin>588</xmin>
			<ymin>338</ymin>
			<xmax>604</xmax>
			<ymax>374</ymax>
		</bndbox>
	</object>
	<object>
		<name>Red</name>
		<pose>Unspecified</pose>
		<truncated>0</truncated>
		<difficult>0</difficult>
		<bndbox>
			<xmin>652</xmin>
			<ymin>338</ymin>
			<xmax>670</xmax>
			<ymax>371</ymax>
		</bndbox>
	</object>
	<object>
		<name>Red</name>
		<pose>Unspecified</pose>
		<truncated>0</truncated>
		<difficult>0</difficult>
		<bndbox>
			<xmin>720</xmin>
			<ymin>339</ymin>
			<xmax>736</xmax>
			<ymax>372</ymax>
		</bndbox>
	</object>
</annotation>
