<annotation verified="yes">
	<folder>sim_image</folder>
	<filename>frame1316.jpg</filename>
	<path>C:\Users\mstei\Downloads\Capstone\sim_image\frame1316.jpg</path>
	<source>
		<database>Unknown</database>
	</source>
	<size>
		<width>800</width>
		<height>600</height>
		<depth>3</depth>
	</size>
	<segmented>0</segmented>
	<object>
		<name>Red</name>
		<pose>Unspecified</pose>
		<truncated>0</truncated>
		<difficult>0</difficult>
		<bndbox>
			<xmin>183</xmin>
			<ymin>92</ymin>
			<xmax>246</xmax>
			<ymax>234</ymax>
		</bndbox>
	</object>
	<object>
		<name>Red</name>
		<pose>Unspecified</pose>
		<truncated>0</truncated>
		<difficult>0</difficult>
		<bndbox>
			<xmin>457</xmin>
			<ymin>91</ymin>
			<xmax>521</xmax>
			<ymax>237</ymax>
		</bndbox>
	</object>
</annotation>
