<annotation verified="yes">
	<folder>sim_image</folder>
	<filename>frame1025.jpg</filename>
	<path>C:\Users\mstei\Downloads\Capstone\sim_image\frame1025.jpg</path>
	<source>
		<database>Unknown</database>
	</source>
	<size>
		<width>800</width>
		<height>600</height>
		<depth>3</depth>
	</size>
	<segmented>0</segmented>
	<object>
		<name>Red</name>
		<pose>Unspecified</pose>
		<truncated>0</truncated>
		<difficult>0</difficult>
		<bndbox>
			<xmin>266</xmin>
			<ymin>278</ymin>
			<xmax>294</xmax>
			<ymax>333</ymax>
		</bndbox>
	</object>
	<object>
		<name>Red</name>
		<pose>Unspecified</pose>
		<truncated>0</truncated>
		<difficult>0</difficult>
		<bndbox>
			<xmin>378</xmin>
			<ymin>276</ymin>
			<xmax>406</xmax>
			<ymax>336</ymax>
		</bndbox>
	</object>
	<object>
		<name>Red</name>
		<pose>Unspecified</pose>
		<truncated>0</truncated>
		<difficult>0</difficult>
		<bndbox>
			<xmin>493</xmin>
			<ymin>277</ymin>
			<xmax>519</xmax>
			<ymax>335</ymax>
		</bndbox>
	</object>
</annotation>
