<annotation verified="yes">
	<folder>sim_image</folder>
	<filename>frame1055.jpg</filename>
	<path>C:\Users\mstei\Downloads\Capstone\sim_image\frame1055.jpg</path>
	<source>
		<database>Unknown</database>
	</source>
	<size>
		<width>800</width>
		<height>600</height>
		<depth>3</depth>
	</size>
	<segmented>0</segmented>
	<object>
		<name>Green</name>
		<pose>Unspecified</pose>
		<truncated>1</truncated>
		<difficult>0</difficult>
		<bndbox>
			<xmin>1</xmin>
			<ymin>131</ymin>
			<xmax>57</xmax>
			<ymax>253</ymax>
		</bndbox>
	</object>
	<object>
		<name>Green</name>
		<pose>Unspecified</pose>
		<truncated>0</truncated>
		<difficult>0</difficult>
		<bndbox>
			<xmin>237</xmin>
			<ymin>131</ymin>
			<xmax>293</xmax>
			<ymax>258</ymax>
		</bndbox>
	</object>
	<object>
		<name>Green</name>
		<pose>Unspecified</pose>
		<truncated>0</truncated>
		<difficult>0</difficult>
		<bndbox>
			<xmin>475</xmin>
			<ymin>128</ymin>
			<xmax>529</xmax>
			<ymax>254</ymax>
		</bndbox>
	</object>
</annotation>
