<annotation verified="yes">
	<folder>sim_image</folder>
	<filename>frame1000.jpg</filename>
	<path>C:\Users\mstei\Downloads\Capstone\sim_image\frame1000.jpg</path>
	<source>
		<database>Unknown</database>
	</source>
	<size>
		<width>800</width>
		<height>600</height>
		<depth>3</depth>
	</size>
	<segmented>0</segmented>
	<object>
		<name>Red</name>
		<pose>Unspecified</pose>
		<truncated>0</truncated>
		<difficult>0</difficult>
		<bndbox>
			<xmin>645</xmin>
			<ymin>341</ymin>
			<xmax>663</xmax>
			<ymax>376</ymax>
		</bndbox>
	</object>
	<object>
		<name>Red</name>
		<pose>Unspecified</pose>
		<truncated>0</truncated>
		<difficult>0</difficult>
		<bndbox>
			<xmin>708</xmin>
			<ymin>342</ymin>
			<xmax>726</xmax>
			<ymax>377</ymax>
		</bndbox>
	</object>
</annotation>
