<annotation verified="yes">
	<folder>sim_image</folder>
	<filename>frame1070.jpg</filename>
	<path>C:\Users\mstei\Downloads\Capstone\sim_image\frame1070.jpg</path>
	<source>
		<database>Unknown</database>
	</source>
	<size>
		<width>800</width>
		<height>600</height>
		<depth>3</depth>
	</size>
	<segmented>0</segmented>
	<object>
		<name>Green</name>
		<pose>Unspecified</pose>
		<truncated>0</truncated>
		<difficult>1</difficult>
		<bndbox>
			<xmin>177</xmin>
			<ymin>526</ymin>
			<xmax>189</xmax>
			<ymax>555</ymax>
		</bndbox>
	</object>
	<object>
		<name>Green</name>
		<pose>Unspecified</pose>
		<truncated>0</truncated>
		<difficult>1</difficult>
		<bndbox>
			<xmin>121</xmin>
			<ymin>524</ymin>
			<xmax>134</xmax>
			<ymax>553</ymax>
		</bndbox>
	</object>
	<object>
		<name>Green</name>
		<pose>Unspecified</pose>
		<truncated>0</truncated>
		<difficult>1</difficult>
		<bndbox>
			<xmin>65</xmin>
			<ymin>526</ymin>
			<xmax>77</xmax>
			<ymax>552</ymax>
		</bndbox>
	</object>
</annotation>
