<annotation verified="yes">
	<folder>sim_image</folder>
	<filename>frame1305.jpg</filename>
	<path>C:\Users\mstei\Downloads\Capstone\sim_image\frame1305.jpg</path>
	<source>
		<database>Unknown</database>
	</source>
	<size>
		<width>800</width>
		<height>600</height>
		<depth>3</depth>
	</size>
	<segmented>0</segmented>
	<object>
		<name>Red</name>
		<pose>Unspecified</pose>
		<truncated>0</truncated>
		<difficult>0</difficult>
		<bndbox>
			<xmin>597</xmin>
			<ymin>106</ymin>
			<xmax>659</xmax>
			<ymax>246</ymax>
		</bndbox>
	</object>
</annotation>
