<annotation verified="yes">
	<folder>sim_image</folder>
	<filename>frame1216.jpg</filename>
	<path>C:\Users\mstei\Downloads\Capstone\sim_image\frame1216.jpg</path>
	<source>
		<database>Unknown</database>
	</source>
	<size>
		<width>800</width>
		<height>600</height>
		<depth>3</depth>
	</size>
	<segmented>0</segmented>
	<object>
		<name>Yellow</name>
		<pose>Unspecified</pose>
		<truncated>0</truncated>
		<difficult>0</difficult>
		<bndbox>
			<xmin>610</xmin>
			<ymin>168</ymin>
			<xmax>660</xmax>
			<ymax>281</ymax>
		</bndbox>
	</object>
	<object>
		<name>Yellow</name>
		<pose>Unspecified</pose>
		<truncated>0</truncated>
		<difficult>0</difficult>
		<bndbox>
			<xmin>402</xmin>
			<ymin>173</ymin>
			<xmax>451</xmax>
			<ymax>284</ymax>
		</bndbox>
	</object>
	<object>
		<name>Yellow</name>
		<pose>Unspecified</pose>
		<truncated>0</truncated>
		<difficult>0</difficult>
		<bndbox>
			<xmin>200</xmin>
			<ymin>174</ymin>
			<xmax>245</xmax>
			<ymax>282</ymax>
		</bndbox>
	</object>
</annotation>
