<annotation verified="yes">
	<folder>sim_image</folder>
	<filename>frame11.jpg</filename>
	<path>C:\Users\mstei\Downloads\Capstone\sim_image\frame11.jpg</path>
	<source>
		<database>Unknown</database>
	</source>
	<size>
		<width>800</width>
		<height>600</height>
		<depth>3</depth>
	</size>
	<segmented>0</segmented>
	<object>
		<name>Red</name>
		<pose>Unspecified</pose>
		<truncated>0</truncated>
		<difficult>0</difficult>
		<bndbox>
			<xmin>31</xmin>
			<ymin>372</ymin>
			<xmax>102</xmax>
			<ymax>543</ymax>
		</bndbox>
	</object>
	<object>
		<name>Red</name>
		<pose>Unspecified</pose>
		<truncated>0</truncated>
		<difficult>0</difficult>
		<bndbox>
			<xmin>347</xmin>
			<ymin>364</ymin>
			<xmax>425</xmax>
			<ymax>536</ymax>
		</bndbox>
	</object>
	<object>
		<name>Red</name>
		<pose>Unspecified</pose>
		<truncated>0</truncated>
		<difficult>0</difficult>
		<bndbox>
			<xmin>672</xmin>
			<ymin>355</ymin>
			<xmax>756</xmax>
			<ymax>534</ymax>
		</bndbox>
	</object>
</annotation>
