<annotation verified="yes">
	<folder>sim_image</folder>
	<filename>frame14.jpg</filename>
	<path>C:\Users\mstei\Downloads\Capstone\sim_image\frame14.jpg</path>
	<source>
		<database>Unknown</database>
	</source>
	<size>
		<width>800</width>
		<height>600</height>
		<depth>3</depth>
	</size>
	<segmented>0</segmented>
	<object>
		<name>Red</name>
		<pose>Unspecified</pose>
		<truncated>0</truncated>
		<difficult>0</difficult>
		<bndbox>
			<xmin>22</xmin>
			<ymin>352</ymin>
			<xmax>102</xmax>
			<ymax>540</ymax>
		</bndbox>
	</object>
	<object>
		<name>Red</name>
		<pose>Unspecified</pose>
		<truncated>0</truncated>
		<difficult>0</difficult>
		<bndbox>
			<xmin>374</xmin>
			<ymin>343</ymin>
			<xmax>451</xmax>
			<ymax>532</ymax>
		</bndbox>
	</object>
	<object>
		<name>Red</name>
		<pose>Unspecified</pose>
		<truncated>1</truncated>
		<difficult>0</difficult>
		<bndbox>
			<xmin>729</xmin>
			<ymin>331</ymin>
			<xmax>800</xmax>
			<ymax>524</ymax>
		</bndbox>
	</object>
</annotation>
