<annotation verified="yes">
	<folder>sim_image</folder>
	<filename>frame1052.jpg</filename>
	<path>C:\Users\mstei\Downloads\Capstone\sim_image\frame1052.jpg</path>
	<source>
		<database>Unknown</database>
	</source>
	<size>
		<width>800</width>
		<height>600</height>
		<depth>3</depth>
	</size>
	<segmented>0</segmented>
	<object>
		<name>Green</name>
		<pose>Unspecified</pose>
		<truncated>0</truncated>
		<difficult>0</difficult>
		<bndbox>
			<xmin>126</xmin>
			<ymin>166</ymin>
			<xmax>175</xmax>
			<ymax>277</ymax>
		</bndbox>
	</object>
	<object>
		<name>Green</name>
		<pose>Unspecified</pose>
		<truncated>0</truncated>
		<difficult>0</difficult>
		<bndbox>
			<xmin>334</xmin>
			<ymin>165</ymin>
			<xmax>385</xmax>
			<ymax>277</ymax>
		</bndbox>
	</object>
	<object>
		<name>Green</name>
		<pose>Unspecified</pose>
		<truncated>0</truncated>
		<difficult>0</difficult>
		<bndbox>
			<xmin>548</xmin>
			<ymin>161</ymin>
			<xmax>598</xmax>
			<ymax>276</ymax>
		</bndbox>
	</object>
</annotation>
