<annotation verified="yes">
	<folder>sim_image</folder>
	<filename>frame1139.jpg</filename>
	<path>C:\Users\mstei\Downloads\Capstone\sim_image\frame1139.jpg</path>
	<source>
		<database>Unknown</database>
	</source>
	<size>
		<width>800</width>
		<height>600</height>
		<depth>3</depth>
	</size>
	<segmented>0</segmented>
	<object>
		<name>Red</name>
		<pose>Unspecified</pose>
		<truncated>0</truncated>
		<difficult>0</difficult>
		<bndbox>
			<xmin>467</xmin>
			<ymin>301</ymin>
			<xmax>522</xmax>
			<ymax>427</ymax>
		</bndbox>
	</object>
	<object>
		<name>Red</name>
		<pose>Unspecified</pose>
		<truncated>0</truncated>
		<difficult>0</difficult>
		<bndbox>
			<xmin>228</xmin>
			<ymin>299</ymin>
			<xmax>282</xmax>
			<ymax>421</ymax>
		</bndbox>
	</object>
	<object>
		<name>Red</name>
		<pose>Unspecified</pose>
		<truncated>1</truncated>
		<difficult>0</difficult>
		<bndbox>
			<xmin>1</xmin>
			<ymin>295</ymin>
			<xmax>35</xmax>
			<ymax>417</ymax>
		</bndbox>
	</object>
</annotation>
