<annotation verified="yes">
	<folder>sim_image</folder>
	<filename>frame1089.jpg</filename>
	<path>C:\Users\mstei\Downloads\Capstone\sim_image\frame1089.jpg</path>
	<source>
		<database>Unknown</database>
	</source>
	<size>
		<width>800</width>
		<height>600</height>
		<depth>3</depth>
	</size>
	<segmented>0</segmented>
	<object>
		<name>Green</name>
		<pose>Unspecified</pose>
		<truncated>0</truncated>
		<difficult>1</difficult>
		<bndbox>
			<xmin>167</xmin>
			<ymin>499</ymin>
			<xmax>185</xmax>
			<ymax>539</ymax>
		</bndbox>
	</object>
	<object>
		<name>Green</name>
		<pose>Unspecified</pose>
		<truncated>0</truncated>
		<difficult>1</difficult>
		<bndbox>
			<xmin>91</xmin>
			<ymin>499</ymin>
			<xmax>107</xmax>
			<ymax>538</ymax>
		</bndbox>
	</object>
	<object>
		<name>Green</name>
		<pose>Unspecified</pose>
		<truncated>0</truncated>
		<difficult>1</difficult>
		<bndbox>
			<xmin>14</xmin>
			<ymin>499</ymin>
			<xmax>32</xmax>
			<ymax>537</ymax>
		</bndbox>
	</object>
</annotation>
