<annotation verified="yes">
	<folder>sim_image</folder>
	<filename>frame1383.jpg</filename>
	<path>C:\Users\mstei\Downloads\Capstone\sim_image\frame1383.jpg</path>
	<source>
		<database>Unknown</database>
	</source>
	<size>
		<width>800</width>
		<height>600</height>
		<depth>3</depth>
	</size>
	<segmented>0</segmented>
	<object>
		<name>Green</name>
		<pose>Unspecified</pose>
		<truncated>0</truncated>
		<difficult>0</difficult>
		<bndbox>
			<xmin>201</xmin>
			<ymin>337</ymin>
			<xmax>219</xmax>
			<ymax>379</ymax>
		</bndbox>
	</object>
	<object>
		<name>Green</name>
		<pose>Unspecified</pose>
		<truncated>0</truncated>
		<difficult>0</difficult>
		<bndbox>
			<xmin>275</xmin>
			<ymin>336</ymin>
			<xmax>296</xmax>
			<ymax>378</ymax>
		</bndbox>
	</object>
	<object>
		<name>Green</name>
		<pose>Unspecified</pose>
		<truncated>0</truncated>
		<difficult>0</difficult>
		<bndbox>
			<xmin>350</xmin>
			<ymin>339</ymin>
			<xmax>369</xmax>
			<ymax>378</ymax>
		</bndbox>
	</object>
</annotation>
