<annotation verified="yes">
	<folder>sim_image</folder>
	<filename>frame1017.jpg</filename>
	<path>C:\Users\mstei\Downloads\Capstone\sim_image\frame1017.jpg</path>
	<source>
		<database>Unknown</database>
	</source>
	<size>
		<width>800</width>
		<height>600</height>
		<depth>3</depth>
	</size>
	<segmented>0</segmented>
	<object>
		<name>Red</name>
		<pose>Unspecified</pose>
		<truncated>0</truncated>
		<difficult>0</difficult>
		<bndbox>
			<xmin>307</xmin>
			<ymin>300</ymin>
			<xmax>329</xmax>
			<ymax>350</ymax>
		</bndbox>
	</object>
	<object>
		<name>Red</name>
		<pose>Unspecified</pose>
		<truncated>0</truncated>
		<difficult>0</difficult>
		<bndbox>
			<xmin>120</xmin>
			<ymin>304</ymin>
			<xmax>140</xmax>
			<ymax>351</ymax>
		</bndbox>
	</object>
	<object>
		<name>Red</name>
		<pose>Unspecified</pose>
		<truncated>0</truncated>
		<difficult>0</difficult>
		<bndbox>
			<xmin>214</xmin>
			<ymin>300</ymin>
			<xmax>236</xmax>
			<ymax>350</ymax>
		</bndbox>
	</object>
</annotation>
