<annotation verified="yes">
	<folder>sim_image</folder>
	<filename>frame1326.jpg</filename>
	<path>C:\Users\mstei\Downloads\Capstone\sim_image\frame1326.jpg</path>
	<source>
		<database>Unknown</database>
	</source>
	<size>
		<width>800</width>
		<height>600</height>
		<depth>3</depth>
	</size>
	<segmented>0</segmented>
	<object>
		<name>Red</name>
		<pose>Unspecified</pose>
		<truncated>0</truncated>
		<difficult>0</difficult>
		<bndbox>
			<xmin>589</xmin>
			<ymin>61</ymin>
			<xmax>660</xmax>
			<ymax>219</ymax>
		</bndbox>
	</object>
	<object>
		<name>Red</name>
		<pose>Unspecified</pose>
		<truncated>0</truncated>
		<difficult>0</difficult>
		<bndbox>
			<xmin>299</xmin>
			<ymin>63</ymin>
			<xmax>363</xmax>
			<ymax>221</ymax>
		</bndbox>
	</object>
	<object>
		<name>Red</name>
		<pose>Unspecified</pose>
		<truncated>0</truncated>
		<difficult>0</difficult>
		<bndbox>
			<xmin>2</xmin>
			<ymin>66</ymin>
			<xmax>69</xmax>
			<ymax>219</ymax>
		</bndbox>
	</object>
</annotation>
