<annotation verified="yes">
	<folder>sim_image</folder>
	<filename>frame121.jpg</filename>
	<path>C:\Users\mstei\Downloads\Capstone\sim_image\frame121.jpg</path>
	<source>
		<database>Unknown</database>
	</source>
	<size>
		<width>800</width>
		<height>600</height>
		<depth>3</depth>
	</size>
	<segmented>0</segmented>
	<object>
		<name>Red</name>
		<pose>Unspecified</pose>
		<truncated>0</truncated>
		<difficult>0</difficult>
		<bndbox>
			<xmin>749</xmin>
			<ymin>427</ymin>
			<xmax>769</xmax>
			<ymax>466</ymax>
		</bndbox>
	</object>
	<object>
		<name>Red</name>
		<pose>Unspecified</pose>
		<truncated>0</truncated>
		<difficult>0</difficult>
		<bndbox>
			<xmin>680</xmin>
			<ymin>427</ymin>
			<xmax>698</xmax>
			<ymax>465</ymax>
		</bndbox>
	</object>
	<object>
		<name>Red</name>
		<pose>Unspecified</pose>
		<truncated>0</truncated>
		<difficult>0</difficult>
		<bndbox>
			<xmin>610</xmin>
			<ymin>428</ymin>
			<xmax>628</xmax>
			<ymax>466</ymax>
		</bndbox>
	</object>
</annotation>
