<annotation verified="yes">
	<folder>sim_image</folder>
	<filename>frame1203.jpg</filename>
	<path>C:\Users\mstei\Downloads\Capstone\sim_image\frame1203.jpg</path>
	<source>
		<database>Unknown</database>
	</source>
	<size>
		<width>800</width>
		<height>600</height>
		<depth>3</depth>
	</size>
	<segmented>0</segmented>
	<object>
		<name>Green</name>
		<pose>Unspecified</pose>
		<truncated>0</truncated>
		<difficult>0</difficult>
		<bndbox>
			<xmin>516</xmin>
			<ymin>251</ymin>
			<xmax>547</xmax>
			<ymax>321</ymax>
		</bndbox>
	</object>
	<object>
		<name>Green</name>
		<pose>Unspecified</pose>
		<truncated>0</truncated>
		<difficult>0</difficult>
		<bndbox>
			<xmin>648</xmin>
			<ymin>249</ymin>
			<xmax>681</xmax>
			<ymax>321</ymax>
		</bndbox>
	</object>
	<object>
		<name>Green</name>
		<pose>Unspecified</pose>
		<truncated>1</truncated>
		<difficult>0</difficult>
		<bndbox>
			<xmin>786</xmin>
			<ymin>247</ymin>
			<xmax>800</xmax>
			<ymax>319</ymax>
		</bndbox>
	</object>
</annotation>
