<annotation verified="yes">
	<folder>sim_image</folder>
	<filename>frame117.jpg</filename>
	<path>C:\Users\mstei\Downloads\Capstone\sim_image\frame117.jpg</path>
	<source>
		<database>Unknown</database>
	</source>
	<size>
		<width>800</width>
		<height>600</height>
		<depth>3</depth>
	</size>
	<segmented>0</segmented>
	<object>
		<name>Yellow</name>
		<pose>Unspecified</pose>
		<truncated>0</truncated>
		<difficult>0</difficult>
		<bndbox>
			<xmin>464</xmin>
			<ymin>431</ymin>
			<xmax>482</xmax>
			<ymax>466</ymax>
		</bndbox>
	</object>
	<object>
		<name>Yellow</name>
		<pose>Unspecified</pose>
		<truncated>0</truncated>
		<difficult>0</difficult>
		<bndbox>
			<xmin>400</xmin>
			<ymin>431</ymin>
			<xmax>416</xmax>
			<ymax>466</ymax>
		</bndbox>
	</object>
	<object>
		<name>Yellow</name>
		<pose>Unspecified</pose>
		<truncated>0</truncated>
		<difficult>0</difficult>
		<bndbox>
			<xmin>335</xmin>
			<ymin>428</ymin>
			<xmax>351</xmax>
			<ymax>466</ymax>
		</bndbox>
	</object>
</annotation>
