<annotation verified="yes">
	<folder>sim_image</folder>
	<filename>frame1220.jpg</filename>
	<path>C:\Users\mstei\Downloads\Capstone\sim_image\frame1220.jpg</path>
	<source>
		<database>Unknown</database>
	</source>
	<size>
		<width>800</width>
		<height>600</height>
		<depth>3</depth>
	</size>
	<segmented>0</segmented>
	<object>
		<name>Yellow</name>
		<pose>Unspecified</pose>
		<truncated>0</truncated>
		<difficult>0</difficult>
		<bndbox>
			<xmin>454</xmin>
			<ymin>114</ymin>
			<xmax>509</xmax>
			<ymax>242</ymax>
		</bndbox>
	</object>
	<object>
		<name>Yellow</name>
		<pose>Unspecified</pose>
		<truncated>0</truncated>
		<difficult>0</difficult>
		<bndbox>
			<xmin>214</xmin>
			<ymin>118</ymin>
			<xmax>270</xmax>
			<ymax>242</ymax>
		</bndbox>
	</object>
	<object>
		<name>Yellow</name>
		<pose>Unspecified</pose>
		<truncated>1</truncated>
		<difficult>0</difficult>
		<bndbox>
			<xmin>1</xmin>
			<ymin>117</ymin>
			<xmax>31</xmax>
			<ymax>241</ymax>
		</bndbox>
	</object>
</annotation>
