<annotation verified="yes">
	<folder>sim_image</folder>
	<filename>frame1315.jpg</filename>
	<path>C:\Users\mstei\Downloads\Capstone\sim_image\frame1315.jpg</path>
	<source>
		<database>Unknown</database>
	</source>
	<size>
		<width>800</width>
		<height>600</height>
		<depth>3</depth>
	</size>
	<segmented>0</segmented>
	<object>
		<name>Red</name>
		<pose>Unspecified</pose>
		<truncated>0</truncated>
		<difficult>0</difficult>
		<bndbox>
			<xmin>524</xmin>
			<ymin>90</ymin>
			<xmax>586</xmax>
			<ymax>236</ymax>
		</bndbox>
	</object>
	<object>
		<name>Red</name>
		<pose>Unspecified</pose>
		<truncated>0</truncated>
		<difficult>0</difficult>
		<bndbox>
			<xmin>253</xmin>
			<ymin>90</ymin>
			<xmax>314</xmax>
			<ymax>237</ymax>
		</bndbox>
	</object>
	<object>
		<name>Red</name>
		<pose>Unspecified</pose>
		<truncated>1</truncated>
		<difficult>0</difficult>
		<bndbox>
			<xmin>1</xmin>
			<ymin>92</ymin>
			<xmax>41</xmax>
			<ymax>236</ymax>
		</bndbox>
	</object>
</annotation>
