<annotation verified="yes">
	<folder>sim_image</folder>
	<filename>frame1011.jpg</filename>
	<path>C:\Users\mstei\Downloads\Capstone\sim_image\frame1011.jpg</path>
	<source>
		<database>Unknown</database>
	</source>
	<size>
		<width>800</width>
		<height>600</height>
		<depth>3</depth>
	</size>
	<segmented>0</segmented>
	<object>
		<name>Red</name>
		<pose>Unspecified</pose>
		<truncated>0</truncated>
		<difficult>0</difficult>
		<bndbox>
			<xmin>478</xmin>
			<ymin>322</ymin>
			<xmax>495</xmax>
			<ymax>362</ymax>
		</bndbox>
	</object>
	<object>
		<name>Red</name>
		<pose>Unspecified</pose>
		<truncated>0</truncated>
		<difficult>0</difficult>
		<bndbox>
			<xmin>560</xmin>
			<ymin>319</ymin>
			<xmax>577</xmax>
			<ymax>359</ymax>
		</bndbox>
	</object>
	<object>
		<name>Red</name>
		<pose>Unspecified</pose>
		<truncated>0</truncated>
		<difficult>0</difficult>
		<bndbox>
			<xmin>642</xmin>
			<ymin>320</ymin>
			<xmax>659</xmax>
			<ymax>360</ymax>
		</bndbox>
	</object>
</annotation>
