<annotation verified="yes">
	<folder>sim_image</folder>
	<filename>frame1023.jpg</filename>
	<path>C:\Users\mstei\Downloads\Capstone\sim_image\frame1023.jpg</path>
	<source>
		<database>Unknown</database>
	</source>
	<size>
		<width>800</width>
		<height>600</height>
		<depth>3</depth>
	</size>
	<segmented>0</segmented>
	<object>
		<name>Red</name>
		<pose>Unspecified</pose>
		<truncated>0</truncated>
		<difficult>0</difficult>
		<bndbox>
			<xmin>290</xmin>
			<ymin>287</ymin>
			<xmax>314</xmax>
			<ymax>338</ymax>
		</bndbox>
	</object>
	<object>
		<name>Red</name>
		<pose>Unspecified</pose>
		<truncated>0</truncated>
		<difficult>0</difficult>
		<bndbox>
			<xmin>399</xmin>
			<ymin>286</ymin>
			<xmax>423</xmax>
			<ymax>339</ymax>
		</bndbox>
	</object>
	<object>
		<name>Red</name>
		<pose>Unspecified</pose>
		<truncated>0</truncated>
		<difficult>0</difficult>
		<bndbox>
			<xmin>507</xmin>
			<ymin>282</ymin>
			<xmax>532</xmax>
			<ymax>342</ymax>
		</bndbox>
	</object>
</annotation>
