<annotation verified="yes">
	<folder>sim_image</folder>
	<filename>frame1129.jpg</filename>
	<path>C:\Users\mstei\Downloads\Capstone\sim_image\frame1129.jpg</path>
	<source>
		<database>Unknown</database>
	</source>
	<size>
		<width>800</width>
		<height>600</height>
		<depth>3</depth>
	</size>
	<segmented>0</segmented>
	<object>
		<name>Red</name>
		<pose>Unspecified</pose>
		<truncated>0</truncated>
		<difficult>0</difficult>
		<bndbox>
			<xmin>443</xmin>
			<ymin>336</ymin>
			<xmax>489</xmax>
			<ymax>446</ymax>
		</bndbox>
	</object>
	<object>
		<name>Red</name>
		<pose>Unspecified</pose>
		<truncated>0</truncated>
		<difficult>0</difficult>
		<bndbox>
			<xmin>237</xmin>
			<ymin>332</ymin>
			<xmax>290</xmax>
			<ymax>448</ymax>
		</bndbox>
	</object>
	<object>
		<name>Red</name>
		<pose>Unspecified</pose>
		<truncated>0</truncated>
		<difficult>0</difficult>
		<bndbox>
			<xmin>30</xmin>
			<ymin>326</ymin>
			<xmax>82</xmax>
			<ymax>442</ymax>
		</bndbox>
	</object>
</annotation>
