<annotation verified="yes">
	<folder>sim_image</folder>
	<filename>frame1094.jpg</filename>
	<path>C:\Users\mstei\Downloads\Capstone\sim_image\frame1094.jpg</path>
	<source>
		<database>Unknown</database>
	</source>
	<size>
		<width>800</width>
		<height>600</height>
		<depth>3</depth>
	</size>
	<segmented>0</segmented>
	<object>
		<name>Yellow</name>
		<pose>Unspecified</pose>
		<truncated>0</truncated>
		<difficult>0</difficult>
		<bndbox>
			<xmin>201</xmin>
			<ymin>494</ymin>
			<xmax>219</xmax>
			<ymax>537</ymax>
		</bndbox>
	</object>
	<object>
		<name>Yellow</name>
		<pose>Unspecified</pose>
		<truncated>0</truncated>
		<difficult>0</difficult>
		<bndbox>
			<xmin>121</xmin>
			<ymin>492</ymin>
			<xmax>137</xmax>
			<ymax>537</ymax>
		</bndbox>
	</object>
	<object>
		<name>Yellow</name>
		<pose>Unspecified</pose>
		<truncated>0</truncated>
		<difficult>0</difficult>
		<bndbox>
			<xmin>38</xmin>
			<ymin>491</ymin>
			<xmax>56</xmax>
			<ymax>536</ymax>
		</bndbox>
	</object>
</annotation>
