<annotation verified="yes">
	<folder>sim_image</folder>
	<filename>frame1102.jpg</filename>
	<path>C:\Users\mstei\Downloads\Capstone\sim_image\frame1102.jpg</path>
	<source>
		<database>Unknown</database>
	</source>
	<size>
		<width>800</width>
		<height>600</height>
		<depth>3</depth>
	</size>
	<segmented>0</segmented>
	<object>
		<name>Yellow</name>
		<pose>Unspecified</pose>
		<truncated>0</truncated>
		<difficult>0</difficult>
		<bndbox>
			<xmin>286</xmin>
			<ymin>473</ymin>
			<xmax>306</xmax>
			<ymax>523</ymax>
		</bndbox>
	</object>
	<object>
		<name>Yellow</name>
		<pose>Unspecified</pose>
		<truncated>0</truncated>
		<difficult>0</difficult>
		<bndbox>
			<xmin>188</xmin>
			<ymin>472</ymin>
			<xmax>207</xmax>
			<ymax>520</ymax>
		</bndbox>
	</object>
	<object>
		<name>Yellow</name>
		<pose>Unspecified</pose>
		<truncated>0</truncated>
		<difficult>0</difficult>
		<bndbox>
			<xmin>91</xmin>
			<ymin>472</ymin>
			<xmax>113</xmax>
			<ymax>521</ymax>
		</bndbox>
	</object>
</annotation>
