<annotation verified="yes">
	<folder>sim_image</folder>
	<filename>frame1106.jpg</filename>
	<path>C:\Users\mstei\Downloads\Capstone\sim_image\frame1106.jpg</path>
	<source>
		<database>Unknown</database>
	</source>
	<size>
		<width>800</width>
		<height>600</height>
		<depth>3</depth>
	</size>
	<segmented>0</segmented>
	<object>
		<name>Red</name>
		<pose>Unspecified</pose>
		<truncated>0</truncated>
		<difficult>0</difficult>
		<bndbox>
			<xmin>295</xmin>
			<ymin>460</ymin>
			<xmax>319</xmax>
			<ymax>514</ymax>
		</bndbox>
	</object>
	<object>
		<name>Red</name>
		<pose>Unspecified</pose>
		<truncated>0</truncated>
		<difficult>0</difficult>
		<bndbox>
			<xmin>188</xmin>
			<ymin>458</ymin>
			<xmax>213</xmax>
			<ymax>515</ymax>
		</bndbox>
	</object>
	<object>
		<name>Red</name>
		<pose>Unspecified</pose>
		<truncated>0</truncated>
		<difficult>0</difficult>
		<bndbox>
			<xmin>79</xmin>
			<ymin>458</ymin>
			<xmax>103</xmax>
			<ymax>515</ymax>
		</bndbox>
	</object>
</annotation>
