<annotation verified="yes">
	<folder>sim_image</folder>
	<filename>frame116.jpg</filename>
	<path>C:\Users\mstei\Downloads\Capstone\sim_image\frame116.jpg</path>
	<source>
		<database>Unknown</database>
	</source>
	<size>
		<width>800</width>
		<height>600</height>
		<depth>3</depth>
	</size>
	<segmented>0</segmented>
	<object>
		<name>Yellow</name>
		<pose>Unspecified</pose>
		<truncated>0</truncated>
		<difficult>0</difficult>
		<bndbox>
			<xmin>341</xmin>
			<ymin>430</ymin>
			<xmax>357</xmax>
			<ymax>465</ymax>
		</bndbox>
	</object>
	<object>
		<name>Yellow</name>
		<pose>Unspecified</pose>
		<truncated>0</truncated>
		<difficult>0</difficult>
		<bndbox>
			<xmin>405</xmin>
			<ymin>430</ymin>
			<xmax>420</xmax>
			<ymax>466</ymax>
		</bndbox>
	</object>
	<object>
		<name>Yellow</name>
		<pose>Unspecified</pose>
		<truncated>0</truncated>
		<difficult>0</difficult>
		<bndbox>
			<xmin>466</xmin>
			<ymin>430</ymin>
			<xmax>484</xmax>
			<ymax>465</ymax>
		</bndbox>
	</object>
</annotation>
