<annotation verified="yes">
	<folder>sim_image</folder>
	<filename>frame1372.jpg</filename>
	<path>C:\Users\mstei\Downloads\Capstone\sim_image\frame1372.jpg</path>
	<source>
		<database>Unknown</database>
	</source>
	<size>
		<width>800</width>
		<height>600</height>
		<depth>3</depth>
	</size>
	<segmented>0</segmented>
	<object>
		<name>Red</name>
		<pose>Unspecified</pose>
		<truncated>0</truncated>
		<difficult>0</difficult>
		<bndbox>
			<xmin>503</xmin>
			<ymin>367</ymin>
			<xmax>515</xmax>
			<ymax>391</ymax>
		</bndbox>
	</object>
	<object>
		<name>Red</name>
		<pose>Unspecified</pose>
		<truncated>0</truncated>
		<difficult>0</difficult>
		<bndbox>
			<xmin>557</xmin>
			<ymin>366</ymin>
			<xmax>569</xmax>
			<ymax>393</ymax>
		</bndbox>
	</object>
	<object>
		<name>Red</name>
		<pose>Unspecified</pose>
		<truncated>0</truncated>
		<difficult>0</difficult>
		<bndbox>
			<xmin>611</xmin>
			<ymin>367</ymin>
			<xmax>622</xmax>
			<ymax>393</ymax>
		</bndbox>
	</object>
</annotation>
