<annotation verified="yes">
	<folder>sim_image</folder>
	<filename>frame1213.jpg</filename>
	<path>C:\Users\mstei\Downloads\Capstone\sim_image\frame1213.jpg</path>
	<source>
		<database>Unknown</database>
	</source>
	<size>
		<width>800</width>
		<height>600</height>
		<depth>3</depth>
	</size>
	<segmented>0</segmented>
	<object>
		<name>Yellow</name>
		<pose>Unspecified</pose>
		<truncated>0</truncated>
		<difficult>0</difficult>
		<bndbox>
			<xmin>734</xmin>
			<ymin>186</ymin>
			<xmax>779</xmax>
			<ymax>288</ymax>
		</bndbox>
	</object>
	<object>
		<name>Yellow</name>
		<pose>Unspecified</pose>
		<truncated>0</truncated>
		<difficult>0</difficult>
		<bndbox>
			<xmin>545</xmin>
			<ymin>189</ymin>
			<xmax>589</xmax>
			<ymax>288</ymax>
		</bndbox>
	</object>
	<object>
		<name>Yellow</name>
		<pose>Unspecified</pose>
		<truncated>0</truncated>
		<difficult>0</difficult>
		<bndbox>
			<xmin>361</xmin>
			<ymin>193</ymin>
			<xmax>402</xmax>
			<ymax>289</ymax>
		</bndbox>
	</object>
</annotation>
