<annotation verified="yes">
	<folder>sim_image</folder>
	<filename>frame1059.jpg</filename>
	<path>C:\Users\mstei\Downloads\Capstone\sim_image\frame1059.jpg</path>
	<source>
		<database>Unknown</database>
	</source>
	<size>
		<width>800</width>
		<height>600</height>
		<depth>3</depth>
	</size>
	<segmented>0</segmented>
	<object>
		<name>Green</name>
		<pose>Unspecified</pose>
		<truncated>0</truncated>
		<difficult>0</difficult>
		<bndbox>
			<xmin>17</xmin>
			<ymin>87</ymin>
			<xmax>80</xmax>
			<ymax>232</ymax>
		</bndbox>
	</object>
	<object>
		<name>Green</name>
		<pose>Unspecified</pose>
		<truncated>0</truncated>
		<difficult>0</difficult>
		<bndbox>
			<xmin>288</xmin>
			<ymin>85</ymin>
			<xmax>349</xmax>
			<ymax>228</ymax>
		</bndbox>
	</object>
	<object>
		<name>Green</name>
		<pose>Unspecified</pose>
		<truncated>0</truncated>
		<difficult>0</difficult>
		<bndbox>
			<xmin>564</xmin>
			<ymin>82</ymin>
			<xmax>625</xmax>
			<ymax>226</ymax>
		</bndbox>
	</object>
</annotation>
