<annotation verified="yes">
	<folder>sim_image</folder>
	<filename>frame1123.jpg</filename>
	<path>C:\Users\mstei\Downloads\Capstone\sim_image\frame1123.jpg</path>
	<source>
		<database>Unknown</database>
	</source>
	<size>
		<width>800</width>
		<height>600</height>
		<depth>3</depth>
	</size>
	<segmented>0</segmented>
	<object>
		<name>Red</name>
		<pose>Unspecified</pose>
		<truncated>0</truncated>
		<difficult>0</difficult>
		<bndbox>
			<xmin>424</xmin>
			<ymin>380</ymin>
			<xmax>467</xmax>
			<ymax>475</ymax>
		</bndbox>
	</object>
	<object>
		<name>Red</name>
		<pose>Unspecified</pose>
		<truncated>0</truncated>
		<difficult>0</difficult>
		<bndbox>
			<xmin>247</xmin>
			<ymin>381</ymin>
			<xmax>290</xmax>
			<ymax>472</ymax>
		</bndbox>
	</object>
	<object>
		<name>Red</name>
		<pose>Unspecified</pose>
		<truncated>0</truncated>
		<difficult>0</difficult>
		<bndbox>
			<xmin>69</xmin>
			<ymin>382</ymin>
			<xmax>114</xmax>
			<ymax>472</ymax>
		</bndbox>
	</object>
</annotation>
