<annotation verified="yes">
	<folder>sim_image</folder>
	<filename>frame1038.jpg</filename>
	<path>C:\Users\mstei\Downloads\Capstone\sim_image\frame1038.jpg</path>
	<source>
		<database>Unknown</database>
	</source>
	<size>
		<width>800</width>
		<height>600</height>
		<depth>3</depth>
	</size>
	<segmented>0</segmented>
	<object>
		<name>Green</name>
		<pose>Unspecified</pose>
		<truncated>0</truncated>
		<difficult>0</difficult>
		<bndbox>
			<xmin>101</xmin>
			<ymin>234</ymin>
			<xmax>138</xmax>
			<ymax>310</ymax>
		</bndbox>
	</object>
	<object>
		<name>Green</name>
		<pose>Unspecified</pose>
		<truncated>0</truncated>
		<difficult>0</difficult>
		<bndbox>
			<xmin>248</xmin>
			<ymin>234</ymin>
			<xmax>285</xmax>
			<ymax>311</ymax>
		</bndbox>
	</object>
	<object>
		<name>Green</name>
		<pose>Unspecified</pose>
		<truncated>0</truncated>
		<difficult>0</difficult>
		<bndbox>
			<xmin>398</xmin>
			<ymin>230</ymin>
			<xmax>432</xmax>
			<ymax>309</ymax>
		</bndbox>
	</object>
</annotation>
