<annotation verified="yes">
	<folder>sim_image</folder>
	<filename>frame1001.jpg</filename>
	<path>C:\Users\mstei\Downloads\Capstone\sim_image\frame1001.jpg</path>
	<source>
		<database>Unknown</database>
	</source>
	<size>
		<width>800</width>
		<height>600</height>
		<depth>3</depth>
	</size>
	<segmented>0</segmented>
	<object>
		<name>Red</name>
		<pose>Unspecified</pose>
		<truncated>0</truncated>
		<difficult>0</difficult>
		<bndbox>
			<xmin>608</xmin>
			<ymin>340</ymin>
			<xmax>625</xmax>
			<ymax>375</ymax>
		</bndbox>
	</object>
	<object>
		<name>Red</name>
		<pose>Unspecified</pose>
		<truncated>0</truncated>
		<difficult>0</difficult>
		<bndbox>
			<xmin>671</xmin>
			<ymin>342</ymin>
			<xmax>689</xmax>
			<ymax>376</ymax>
		</bndbox>
	</object>
</annotation>
