<annotation verified="yes">
	<folder>sim_image</folder>
	<filename>frame1314.jpg</filename>
	<path>C:\Users\mstei\Downloads\Capstone\sim_image\frame1314.jpg</path>
	<source>
		<database>Unknown</database>
	</source>
	<size>
		<width>800</width>
		<height>600</height>
		<depth>3</depth>
	</size>
	<segmented>0</segmented>
	<object>
		<name>Red</name>
		<pose>Unspecified</pose>
		<truncated>0</truncated>
		<difficult>0</difficult>
		<bndbox>
			<xmin>582</xmin>
			<ymin>91</ymin>
			<xmax>649</xmax>
			<ymax>235</ymax>
		</bndbox>
	</object>
	<object>
		<name>Red</name>
		<pose>Unspecified</pose>
		<truncated>0</truncated>
		<difficult>0</difficult>
		<bndbox>
			<xmin>314</xmin>
			<ymin>92</ymin>
			<xmax>374</xmax>
			<ymax>236</ymax>
		</bndbox>
	</object>
	<object>
		<name>Red</name>
		<pose>Unspecified</pose>
		<truncated>0</truncated>
		<difficult>0</difficult>
		<bndbox>
			<xmin>39</xmin>
			<ymin>96</ymin>
			<xmax>100</xmax>
			<ymax>239</ymax>
		</bndbox>
	</object>
</annotation>
