<annotation verified="yes">
	<folder>sim_image</folder>
	<filename>frame142.jpg</filename>
	<path>C:\Users\mstei\Downloads\Capstone\sim_image\frame142.jpg</path>
	<source>
		<database>Unknown</database>
	</source>
	<size>
		<width>800</width>
		<height>600</height>
		<depth>3</depth>
	</size>
	<segmented>0</segmented>
	<object>
		<name>Red</name>
		<pose>Unspecified</pose>
		<truncated>0</truncated>
		<difficult>0</difficult>
		<bndbox>
			<xmin>537</xmin>
			<ymin>302</ymin>
			<xmax>562</xmax>
			<ymax>358</ymax>
		</bndbox>
	</object>
	<object>
		<name>Red</name>
		<pose>Unspecified</pose>
		<truncated>0</truncated>
		<difficult>0</difficult>
		<bndbox>
			<xmin>642</xmin>
			<ymin>301</ymin>
			<xmax>671</xmax>
			<ymax>358</ymax>
		</bndbox>
	</object>
	<object>
		<name>Red</name>
		<pose>Unspecified</pose>
		<truncated>0</truncated>
		<difficult>0</difficult>
		<bndbox>
			<xmin>747</xmin>
			<ymin>301</ymin>
			<xmax>774</xmax>
			<ymax>358</ymax>
		</bndbox>
	</object>
</annotation>
