<annotation verified="yes">
	<folder>sim_image</folder>
	<filename>frame1060.jpg</filename>
	<path>C:\Users\mstei\Downloads\Capstone\sim_image\frame1060.jpg</path>
	<source>
		<database>Unknown</database>
	</source>
	<size>
		<width>800</width>
		<height>600</height>
		<depth>3</depth>
	</size>
	<segmented>0</segmented>
	<object>
		<name>Green</name>
		<pose>Unspecified</pose>
		<truncated>0</truncated>
		<difficult>0</difficult>
		<bndbox>
			<xmin>176</xmin>
			<ymin>67</ymin>
			<xmax>240</xmax>
			<ymax>216</ymax>
		</bndbox>
	</object>
	<object>
		<name>Green</name>
		<pose>Unspecified</pose>
		<truncated>0</truncated>
		<difficult>0</difficult>
		<bndbox>
			<xmin>457</xmin>
			<ymin>61</ymin>
			<xmax>523</xmax>
			<ymax>215</ymax>
		</bndbox>
	</object>
	<object>
		<name>Green</name>
		<pose>Unspecified</pose>
		<truncated>1</truncated>
		<difficult>0</difficult>
		<bndbox>
			<xmin>748</xmin>
			<ymin>54</ymin>
			<xmax>800</xmax>
			<ymax>206</ymax>
		</bndbox>
	</object>
</annotation>
