<annotation verified="yes">
	<folder>sim_image</folder>
	<filename>frame1178.jpg</filename>
	<path>C:\Users\mstei\Downloads\Capstone\sim_image\frame1178.jpg</path>
	<source>
		<database>Unknown</database>
	</source>
	<size>
		<width>800</width>
		<height>600</height>
		<depth>3</depth>
	</size>
	<segmented>0</segmented>
	<object>
		<name>Red</name>
		<pose>Unspecified</pose>
		<truncated>0</truncated>
		<difficult>0</difficult>
		<bndbox>
			<xmin>268</xmin>
			<ymin>177</ymin>
			<xmax>344</xmax>
			<ymax>352</ymax>
		</bndbox>
	</object>
	<object>
		<name>Red</name>
		<pose>Unspecified</pose>
		<truncated>0</truncated>
		<difficult>0</difficult>
		<bndbox>
			<xmin>591</xmin>
			<ymin>182</ymin>
			<xmax>671</xmax>
			<ymax>355</ymax>
		</bndbox>
	</object>
</annotation>
