<annotation verified="yes">
	<folder>sim_image</folder>
	<filename>frame1196.jpg</filename>
	<path>C:\Users\mstei\Downloads\Capstone\sim_image\frame1196.jpg</path>
	<source>
		<database>Unknown</database>
	</source>
	<size>
		<width>800</width>
		<height>600</height>
		<depth>3</depth>
	</size>
	<segmented>0</segmented>
	<object>
		<name>Green</name>
		<pose>Unspecified</pose>
		<truncated>0</truncated>
		<difficult>0</difficult>
		<bndbox>
			<xmin>626</xmin>
			<ymin>284</ymin>
			<xmax>650</xmax>
			<ymax>342</ymax>
		</bndbox>
	</object>
	<object>
		<name>Green</name>
		<pose>Unspecified</pose>
		<truncated>0</truncated>
		<difficult>0</difficult>
		<bndbox>
			<xmin>520</xmin>
			<ymin>287</ymin>
			<xmax>542</xmax>
			<ymax>340</ymax>
		</bndbox>
	</object>
	<object>
		<name>Green</name>
		<pose>Unspecified</pose>
		<truncated>0</truncated>
		<difficult>0</difficult>
		<bndbox>
			<xmin>413</xmin>
			<ymin>285</ymin>
			<xmax>439</xmax>
			<ymax>342</ymax>
		</bndbox>
	</object>
</annotation>
