<annotation>
	<folder>sim_image</folder>
	<filename>frame1107.jpg</filename>
	<path>C:\Users\mstei\Downloads\Capstone\sim_image\frame1107.jpg</path>
	<source>
		<database>Unknown</database>
	</source>
	<size>
		<width>800</width>
		<height>600</height>
		<depth>3</depth>
	</size>
	<segmented>0</segmented>
	<object>
		<name>Red</name>
		<pose>Unspecified</pose>
		<truncated>0</truncated>
		<difficult>0</difficult>
		<bndbox>
			<xmin>296</xmin>
			<ymin>453</ymin>
			<xmax>321</xmax>
			<ymax>516</ymax>
		</bndbox>
	</object>
	<object>
		<name>Red</name>
		<pose>Unspecified</pose>
		<truncated>0</truncated>
		<difficult>0</difficult>
		<bndbox>
			<xmin>187</xmin>
			<ymin>456</ymin>
			<xmax>211</xmax>
			<ymax>514</ymax>
		</bndbox>
	</object>
	<object>
		<name>Red</name>
		<pose>Unspecified</pose>
		<truncated>0</truncated>
		<difficult>0</difficult>
		<bndbox>
			<xmin>73</xmin>
			<ymin>457</ymin>
			<xmax>99</xmax>
			<ymax>513</ymax>
		</bndbox>
	</object>
</annotation>
