<annotation verified="yes">
	<folder>sim_image</folder>
	<filename>frame1191.jpg</filename>
	<path>C:\Users\mstei\Downloads\Capstone\sim_image\frame1191.jpg</path>
	<source>
		<database>Unknown</database>
	</source>
	<size>
		<width>800</width>
		<height>600</height>
		<depth>3</depth>
	</size>
	<segmented>0</segmented>
	<object>
		<name>Green</name>
		<pose>Unspecified</pose>
		<truncated>0</truncated>
		<difficult>0</difficult>
		<bndbox>
			<xmin>259</xmin>
			<ymin>107</ymin>
			<xmax>351</xmax>
			<ymax>317</ymax>
		</bndbox>
	</object>
	<object>
		<name>Green</name>
		<pose>Unspecified</pose>
		<truncated>0</truncated>
		<difficult>0</difficult>
		<bndbox>
			<xmin>645</xmin>
			<ymin>112</ymin>
			<xmax>743</xmax>
			<ymax>313</ymax>
		</bndbox>
	</object>
</annotation>
