<annotation verified="yes">
	<folder>sim_image</folder>
	<filename>frame1074.jpg</filename>
	<path>C:\Users\mstei\Downloads\Capstone\sim_image\frame1074.jpg</path>
	<source>
		<database>Unknown</database>
	</source>
	<size>
		<width>800</width>
		<height>600</height>
		<depth>3</depth>
	</size>
	<segmented>0</segmented>
	<object>
		<name>Green</name>
		<pose>Unspecified</pose>
		<truncated>0</truncated>
		<difficult>1</difficult>
		<bndbox>
			<xmin>73</xmin>
			<ymin>519</ymin>
			<xmax>88</xmax>
			<ymax>550</ymax>
		</bndbox>
	</object>
	<object>
		<name>Green</name>
		<pose>Unspecified</pose>
		<truncated>0</truncated>
		<difficult>1</difficult>
		<bndbox>
			<xmin>133</xmin>
			<ymin>519</ymin>
			<xmax>149</xmax>
			<ymax>552</ymax>
		</bndbox>
	</object>
	<object>
		<name>Green</name>
		<pose>Unspecified</pose>
		<truncated>0</truncated>
		<difficult>1</difficult>
		<bndbox>
			<xmin>196</xmin>
			<ymin>521</ymin>
			<xmax>208</xmax>
			<ymax>550</ymax>
		</bndbox>
	</object>
</annotation>
