<annotation verified="yes">
	<folder>sim_image</folder>
	<filename>frame1402.jpg</filename>
	<path>C:\Users\mstei\Downloads\Capstone\sim_image\frame1402.jpg</path>
	<source>
		<database>Unknown</database>
	</source>
	<size>
		<width>800</width>
		<height>600</height>
		<depth>3</depth>
	</size>
	<segmented>0</segmented>
	<object>
		<name>Green</name>
		<pose>Unspecified</pose>
		<truncated>0</truncated>
		<difficult>0</difficult>
		<bndbox>
			<xmin>151</xmin>
			<ymin>265</ymin>
			<xmax>184</xmax>
			<ymax>336</ymax>
		</bndbox>
	</object>
	<object>
		<name>Green</name>
		<pose>Unspecified</pose>
		<truncated>0</truncated>
		<difficult>0</difficult>
		<bndbox>
			<xmin>20</xmin>
			<ymin>265</ymin>
			<xmax>51</xmax>
			<ymax>333</ymax>
		</bndbox>
	</object>
</annotation>
