<annotation verified="yes">
	<folder>sim_image</folder>
	<filename>frame127.jpg</filename>
	<path>C:\Users\mstei\Downloads\Capstone\sim_image\frame127.jpg</path>
	<source>
		<database>Unknown</database>
	</source>
	<size>
		<width>800</width>
		<height>600</height>
		<depth>3</depth>
	</size>
	<segmented>0</segmented>
	<object>
		<name>Red</name>
		<pose>Unspecified</pose>
		<truncated>0</truncated>
		<difficult>0</difficult>
		<bndbox>
			<xmin>574</xmin>
			<ymin>418</ymin>
			<xmax>594</xmax>
			<ymax>459</ymax>
		</bndbox>
	</object>
	<object>
		<name>Red</name>
		<pose>Unspecified</pose>
		<truncated>0</truncated>
		<difficult>0</difficult>
		<bndbox>
			<xmin>498</xmin>
			<ymin>417</ymin>
			<xmax>519</xmax>
			<ymax>461</ymax>
		</bndbox>
	</object>
	<object>
		<name>Red</name>
		<pose>Unspecified</pose>
		<truncated>0</truncated>
		<difficult>0</difficult>
		<bndbox>
			<xmin>422</xmin>
			<ymin>418</ymin>
			<xmax>441</xmax>
			<ymax>462</ymax>
		</bndbox>
	</object>
</annotation>
