<annotation verified="yes">
	<folder>sim_image</folder>
	<filename>frame110.jpg</filename>
	<path>C:\Users\mstei\Downloads\Capstone\sim_image\frame110.jpg</path>
	<source>
		<database>Unknown</database>
	</source>
	<size>
		<width>800</width>
		<height>600</height>
		<depth>3</depth>
	</size>
	<segmented>0</segmented>
	<object>
		<name>Yellow</name>
		<pose>Unspecified</pose>
		<truncated>0</truncated>
		<difficult>0</difficult>
		<bndbox>
			<xmin>364</xmin>
			<ymin>439</ymin>
			<xmax>377</xmax>
			<ymax>470</ymax>
		</bndbox>
	</object>
	<object>
		<name>Yellow</name>
		<pose>Unspecified</pose>
		<truncated>0</truncated>
		<difficult>0</difficult>
		<bndbox>
			<xmin>421</xmin>
			<ymin>439</ymin>
			<xmax>437</xmax>
			<ymax>471</ymax>
		</bndbox>
	</object>
	<object>
		<name>Yellow</name>
		<pose>Unspecified</pose>
		<truncated>0</truncated>
		<difficult>0</difficult>
		<bndbox>
			<xmin>480</xmin>
			<ymin>439</ymin>
			<xmax>493</xmax>
			<ymax>470</ymax>
		</bndbox>
	</object>
</annotation>
