<annotation verified="yes">
	<folder>sim_image</folder>
	<filename>frame129.jpg</filename>
	<path>C:\Users\mstei\Downloads\Capstone\sim_image\frame129.jpg</path>
	<source>
		<database>Unknown</database>
	</source>
	<size>
		<width>800</width>
		<height>600</height>
		<depth>3</depth>
	</size>
	<segmented>0</segmented>
	<object>
		<name>Red</name>
		<pose>Unspecified</pose>
		<truncated>0</truncated>
		<difficult>0</difficult>
		<bndbox>
			<xmin>399</xmin>
			<ymin>414</ymin>
			<xmax>420</xmax>
			<ymax>456</ymax>
		</bndbox>
	</object>
	<object>
		<name>Red</name>
		<pose>Unspecified</pose>
		<truncated>0</truncated>
		<difficult>0</difficult>
		<bndbox>
			<xmin>480</xmin>
			<ymin>414</ymin>
			<xmax>499</xmax>
			<ymax>458</ymax>
		</bndbox>
	</object>
	<object>
		<name>Red</name>
		<pose>Unspecified</pose>
		<truncated>0</truncated>
		<difficult>0</difficult>
		<bndbox>
			<xmin>559</xmin>
			<ymin>414</ymin>
			<xmax>577</xmax>
			<ymax>458</ymax>
		</bndbox>
	</object>
</annotation>
