<annotation verified="yes">
	<folder>sim_image</folder>
	<filename>frame1086.jpg</filename>
	<path>C:\Users\mstei\Downloads\Capstone\sim_image\frame1086.jpg</path>
	<source>
		<database>Unknown</database>
	</source>
	<size>
		<width>800</width>
		<height>600</height>
		<depth>3</depth>
	</size>
	<segmented>0</segmented>
	<object>
		<name>Green</name>
		<pose>Unspecified</pose>
		<truncated>0</truncated>
		<difficult>1</difficult>
		<bndbox>
			<xmin>174</xmin>
			<ymin>501</ymin>
			<xmax>191</xmax>
			<ymax>543</ymax>
		</bndbox>
	</object>
	<object>
		<name>Green</name>
		<pose>Unspecified</pose>
		<truncated>0</truncated>
		<difficult>1</difficult>
		<bndbox>
			<xmin>101</xmin>
			<ymin>504</ymin>
			<xmax>119</xmax>
			<ymax>541</ymax>
		</bndbox>
	</object>
	<object>
		<name>Green</name>
		<pose>Unspecified</pose>
		<truncated>0</truncated>
		<difficult>1</difficult>
		<bndbox>
			<xmin>27</xmin>
			<ymin>503</ymin>
			<xmax>45</xmax>
			<ymax>539</ymax>
		</bndbox>
	</object>
</annotation>
