<annotation verified="yes">
	<folder>sim_image</folder>
	<filename>frame1373.jpg</filename>
	<path>C:\Users\mstei\Downloads\Capstone\sim_image\frame1373.jpg</path>
	<source>
		<database>Unknown</database>
	</source>
	<size>
		<width>800</width>
		<height>600</height>
		<depth>3</depth>
	</size>
	<segmented>0</segmented>
	<object>
		<name>Red</name>
		<pose>Unspecified</pose>
		<truncated>0</truncated>
		<difficult>0</difficult>
		<bndbox>
			<xmin>232</xmin>
			<ymin>363</ymin>
			<xmax>245</xmax>
			<ymax>392</ymax>
		</bndbox>
	</object>
	<object>
		<name>Red</name>
		<pose>Unspecified</pose>
		<truncated>0</truncated>
		<difficult>0</difficult>
		<bndbox>
			<xmin>177</xmin>
			<ymin>364</ymin>
			<xmax>189</xmax>
			<ymax>393</ymax>
		</bndbox>
	</object>
	<object>
		<name>Red</name>
		<pose>Unspecified</pose>
		<truncated>0</truncated>
		<difficult>0</difficult>
		<bndbox>
			<xmin>121</xmin>
			<ymin>362</ymin>
			<xmax>135</xmax>
			<ymax>392</ymax>
		</bndbox>
	</object>
</annotation>
