<annotation verified="yes">
	<folder>sim_image</folder>
	<filename>frame1088.jpg</filename>
	<path>C:\Users\mstei\Downloads\Capstone\sim_image\frame1088.jpg</path>
	<source>
		<database>Unknown</database>
	</source>
	<size>
		<width>800</width>
		<height>600</height>
		<depth>3</depth>
	</size>
	<segmented>0</segmented>
	<object>
		<name>Green</name>
		<pose>Unspecified</pose>
		<truncated>0</truncated>
		<difficult>1</difficult>
		<bndbox>
			<xmin>170</xmin>
			<ymin>504</ymin>
			<xmax>187</xmax>
			<ymax>538</ymax>
		</bndbox>
	</object>
	<object>
		<name>Green</name>
		<pose>Unspecified</pose>
		<truncated>0</truncated>
		<difficult>1</difficult>
		<bndbox>
			<xmin>94</xmin>
			<ymin>499</ymin>
			<xmax>112</xmax>
			<ymax>538</ymax>
		</bndbox>
	</object>
	<object>
		<name>Green</name>
		<pose>Unspecified</pose>
		<truncated>0</truncated>
		<difficult>1</difficult>
		<bndbox>
			<xmin>17</xmin>
			<ymin>499</ymin>
			<xmax>37</xmax>
			<ymax>541</ymax>
		</bndbox>
	</object>
</annotation>
