<annotation verified="yes">
	<folder>sim_image</folder>
	<filename>frame1224.jpg</filename>
	<path>C:\Users\mstei\Downloads\Capstone\sim_image\frame1224.jpg</path>
	<source>
		<database>Unknown</database>
	</source>
	<size>
		<width>800</width>
		<height>600</height>
		<depth>3</depth>
	</size>
	<segmented>0</segmented>
	<object>
		<name>Yellow</name>
		<pose>Unspecified</pose>
		<truncated>0</truncated>
		<difficult>0</difficult>
		<bndbox>
			<xmin>671</xmin>
			<ymin>71</ymin>
			<xmax>739</xmax>
			<ymax>223</ymax>
		</bndbox>
	</object>
	<object>
		<name>Yellow</name>
		<pose>Unspecified</pose>
		<truncated>0</truncated>
		<difficult>0</difficult>
		<bndbox>
			<xmin>395</xmin>
			<ymin>77</ymin>
			<xmax>459</xmax>
			<ymax>224</ymax>
		</bndbox>
	</object>
	<object>
		<name>Yellow</name>
		<pose>Unspecified</pose>
		<truncated>0</truncated>
		<difficult>0</difficult>
		<bndbox>
			<xmin>122</xmin>
			<ymin>79</ymin>
			<xmax>184</xmax>
			<ymax>223</ymax>
		</bndbox>
	</object>
</annotation>
