<annotation verified="yes">
	<folder>sim_image</folder>
	<filename>frame0.jpg</filename>
	<path>C:\Users\mstei\Downloads\Capstone\sim_image\frame0.jpg</path>
	<source>
		<database>Unknown</database>
	</source>
	<size>
		<width>800</width>
		<height>600</height>
		<depth>3</depth>
	</size>
	<segmented>0</segmented>
	<object>
		<name>Red</name>
		<pose>Unspecified</pose>
		<truncated>0</truncated>
		<difficult>0</difficult>
		<bndbox>
			<xmin>102</xmin>
			<ymin>446</ymin>
			<xmax>158</xmax>
			<ymax>584</ymax>
		</bndbox>
	</object>
	<object>
		<name>Red</name>
		<pose>Unspecified</pose>
		<truncated>0</truncated>
		<difficult>0</difficult>
		<bndbox>
			<xmin>356</xmin>
			<ymin>441</ymin>
			<xmax>415</xmax>
			<ymax>581</ymax>
		</bndbox>
	</object>
	<object>
		<name>Red</name>
		<pose>Unspecified</pose>
		<truncated>0</truncated>
		<difficult>0</difficult>
		<bndbox>
			<xmin>620</xmin>
			<ymin>435</ymin>
			<xmax>685</xmax>
			<ymax>577</ymax>
		</bndbox>
	</object>
</annotation>
