<annotation verified="yes">
	<folder>sim_image</folder>
	<filename>frame1135.jpg</filename>
	<path>C:\Users\mstei\Downloads\Capstone\sim_image\frame1135.jpg</path>
	<source>
		<database>Unknown</database>
	</source>
	<size>
		<width>800</width>
		<height>600</height>
		<depth>3</depth>
	</size>
	<segmented>0</segmented>
	<object>
		<name>Red</name>
		<pose>Unspecified</pose>
		<truncated>0</truncated>
		<difficult>0</difficult>
		<bndbox>
			<xmin>456</xmin>
			<ymin>321</ymin>
			<xmax>513</xmax>
			<ymax>430</ymax>
		</bndbox>
	</object>
	<object>
		<name>Red</name>
		<pose>Unspecified</pose>
		<truncated>0</truncated>
		<difficult>0</difficult>
		<bndbox>
			<xmin>227</xmin>
			<ymin>316</ymin>
			<xmax>286</xmax>
			<ymax>430</ymax>
		</bndbox>
	</object>
	<object>
		<name>Red</name>
		<pose>Unspecified</pose>
		<truncated>1</truncated>
		<difficult>0</difficult>
		<bndbox>
			<xmin>1</xmin>
			<ymin>310</ymin>
			<xmax>56</xmax>
			<ymax>434</ymax>
		</bndbox>
	</object>
</annotation>
