<annotation verified="yes">
	<folder>sim_image</folder>
	<filename>frame1328.jpg</filename>
	<path>C:\Users\mstei\Downloads\Capstone\sim_image\frame1328.jpg</path>
	<source>
		<database>Unknown</database>
	</source>
	<size>
		<width>800</width>
		<height>600</height>
		<depth>3</depth>
	</size>
	<segmented>0</segmented>
	<object>
		<name>Red</name>
		<pose>Unspecified</pose>
		<truncated>0</truncated>
		<difficult>0</difficult>
		<bndbox>
			<xmin>616</xmin>
			<ymin>26</ymin>
			<xmax>692</xmax>
			<ymax>198</ymax>
		</bndbox>
	</object>
	<object>
		<name>Red</name>
		<pose>Unspecified</pose>
		<truncated>0</truncated>
		<difficult>0</difficult>
		<bndbox>
			<xmin>296</xmin>
			<ymin>28</ymin>
			<xmax>370</xmax>
			<ymax>199</ymax>
		</bndbox>
	</object>
	<object>
		<name>Red</name>
		<pose>Unspecified</pose>
		<truncated>1</truncated>
		<difficult>0</difficult>
		<bndbox>
			<xmin>1</xmin>
			<ymin>32</ymin>
			<xmax>52</xmax>
			<ymax>199</ymax>
		</bndbox>
	</object>
</annotation>
