<annotation verified="yes">
	<folder>sim_image</folder>
	<filename>frame10.jpg</filename>
	<path>C:\Users\mstei\Downloads\Capstone\sim_image\frame10.jpg</path>
	<source>
		<database>Unknown</database>
	</source>
	<size>
		<width>800</width>
		<height>600</height>
		<depth>3</depth>
	</size>
	<segmented>0</segmented>
	<object>
		<name>Red</name>
		<pose>Unspecified</pose>
		<truncated>0</truncated>
		<difficult>0</difficult>
		<bndbox>
			<xmin>43</xmin>
			<ymin>369</ymin>
			<xmax>119</xmax>
			<ymax>536</ymax>
		</bndbox>
	</object>
	<object>
		<name>Red</name>
		<pose>Unspecified</pose>
		<truncated>0</truncated>
		<difficult>0</difficult>
		<bndbox>
			<xmin>357</xmin>
			<ymin>363</ymin>
			<xmax>427</xmax>
			<ymax>530</ymax>
		</bndbox>
	</object>
	<object>
		<name>Red</name>
		<pose>Unspecified</pose>
		<truncated>0</truncated>
		<difficult>0</difficult>
		<bndbox>
			<xmin>671</xmin>
			<ymin>354</ymin>
			<xmax>753</xmax>
			<ymax>528</ymax>
		</bndbox>
	</object>
</annotation>
