<annotation verified="yes">
	<folder>sim_image</folder>
	<filename>frame1093.jpg</filename>
	<path>C:\Users\mstei\Downloads\Capstone\sim_image\frame1093.jpg</path>
	<source>
		<database>Unknown</database>
	</source>
	<size>
		<width>800</width>
		<height>600</height>
		<depth>3</depth>
	</size>
	<segmented>0</segmented>
	<object>
		<name>Yellow</name>
		<pose>Unspecified</pose>
		<truncated>0</truncated>
		<difficult>0</difficult>
		<bndbox>
			<xmin>170</xmin>
			<ymin>495</ymin>
			<xmax>188</xmax>
			<ymax>539</ymax>
		</bndbox>
	</object>
	<object>
		<name>Yellow</name>
		<pose>Unspecified</pose>
		<truncated>0</truncated>
		<difficult>0</difficult>
		<bndbox>
			<xmin>89</xmin>
			<ymin>495</ymin>
			<xmax>107</xmax>
			<ymax>538</ymax>
		</bndbox>
	</object>
	<object>
		<name>Yellow</name>
		<pose>Unspecified</pose>
		<truncated>0</truncated>
		<difficult>0</difficult>
		<bndbox>
			<xmin>8</xmin>
			<ymin>491</ymin>
			<xmax>28</xmax>
			<ymax>536</ymax>
		</bndbox>
	</object>
</annotation>
