<annotation verified="yes">
	<folder>sim_image</folder>
	<filename>frame1083.jpg</filename>
	<path>C:\Users\mstei\Downloads\Capstone\sim_image\frame1083.jpg</path>
	<source>
		<database>Unknown</database>
	</source>
	<size>
		<width>800</width>
		<height>600</height>
		<depth>3</depth>
	</size>
	<segmented>0</segmented>
	<object>
		<name>Green</name>
		<pose>Unspecified</pose>
		<truncated>0</truncated>
		<difficult>1</difficult>
		<bndbox>
			<xmin>180</xmin>
			<ymin>510</ymin>
			<xmax>196</xmax>
			<ymax>542</ymax>
		</bndbox>
	</object>
	<object>
		<name>Green</name>
		<pose>Unspecified</pose>
		<truncated>0</truncated>
		<difficult>1</difficult>
		<bndbox>
			<xmin>109</xmin>
			<ymin>510</ymin>
			<xmax>126</xmax>
			<ymax>544</ymax>
		</bndbox>
	</object>
	<object>
		<name>Green</name>
		<pose>Unspecified</pose>
		<truncated>0</truncated>
		<difficult>1</difficult>
		<bndbox>
			<xmin>39</xmin>
			<ymin>507</ymin>
			<xmax>57</xmax>
			<ymax>544</ymax>
		</bndbox>
	</object>
</annotation>
