<annotation verified="yes">
	<folder>sim_image</folder>
	<filename>frame1159.jpg</filename>
	<path>C:\Users\mstei\Downloads\Capstone\sim_image\frame1159.jpg</path>
	<source>
		<database>Unknown</database>
	</source>
	<size>
		<width>800</width>
		<height>600</height>
		<depth>3</depth>
	</size>
	<segmented>0</segmented>
	<object>
		<name>Red</name>
		<pose>Unspecified</pose>
		<truncated>0</truncated>
		<difficult>0</difficult>
		<bndbox>
			<xmin>592</xmin>
			<ymin>183</ymin>
			<xmax>670</xmax>
			<ymax>353</ymax>
		</bndbox>
	</object>
	<object>
		<name>Red</name>
		<pose>Unspecified</pose>
		<truncated>0</truncated>
		<difficult>0</difficult>
		<bndbox>
			<xmin>267</xmin>
			<ymin>180</ymin>
			<xmax>346</xmax>
			<ymax>358</ymax>
		</bndbox>
	</object>
</annotation>
