<annotation verified="yes">
	<folder>sim_image</folder>
	<filename>frame1391.jpg</filename>
	<path>C:\Users\mstei\Downloads\Capstone\sim_image\frame1391.jpg</path>
	<source>
		<database>Unknown</database>
	</source>
	<size>
		<width>800</width>
		<height>600</height>
		<depth>3</depth>
	</size>
	<segmented>0</segmented>
	<object>
		<name>Green</name>
		<pose>Unspecified</pose>
		<truncated>0</truncated>
		<difficult>0</difficult>
		<bndbox>
			<xmin>205</xmin>
			<ymin>312</ymin>
			<xmax>228</xmax>
			<ymax>361</ymax>
		</bndbox>
	</object>
	<object>
		<name>Green</name>
		<pose>Unspecified</pose>
		<truncated>0</truncated>
		<difficult>0</difficult>
		<bndbox>
			<xmin>110</xmin>
			<ymin>311</ymin>
			<xmax>134</xmax>
			<ymax>361</ymax>
		</bndbox>
	</object>
	<object>
		<name>Green</name>
		<pose>Unspecified</pose>
		<truncated>0</truncated>
		<difficult>0</difficult>
		<bndbox>
			<xmin>12</xmin>
			<ymin>311</ymin>
			<xmax>38</xmax>
			<ymax>361</ymax>
		</bndbox>
	</object>
</annotation>
