<annotation verified="yes">
	<folder>sim_image</folder>
	<filename>frame113.jpg</filename>
	<path>C:\Users\mstei\Downloads\Capstone\sim_image\frame113.jpg</path>
	<source>
		<database>Unknown</database>
	</source>
	<size>
		<width>800</width>
		<height>600</height>
		<depth>3</depth>
	</size>
	<segmented>0</segmented>
	<object>
		<name>Yellow</name>
		<pose>Unspecified</pose>
		<truncated>0</truncated>
		<difficult>0</difficult>
		<bndbox>
			<xmin>354</xmin>
			<ymin>436</ymin>
			<xmax>367</xmax>
			<ymax>468</ymax>
		</bndbox>
	</object>
	<object>
		<name>Yellow</name>
		<pose>Unspecified</pose>
		<truncated>0</truncated>
		<difficult>0</difficult>
		<bndbox>
			<xmin>413</xmin>
			<ymin>437</ymin>
			<xmax>429</xmax>
			<ymax>469</ymax>
		</bndbox>
	</object>
	<object>
		<name>Yellow</name>
		<pose>Unspecified</pose>
		<truncated>0</truncated>
		<difficult>0</difficult>
		<bndbox>
			<xmin>472</xmin>
			<ymin>435</ymin>
			<xmax>488</xmax>
			<ymax>469</ymax>
		</bndbox>
	</object>
</annotation>
