<annotation verified="yes">
	<folder>sim_image</folder>
	<filename>frame1108.jpg</filename>
	<path>C:\Users\mstei\Downloads\Capstone\sim_image\frame1108.jpg</path>
	<source>
		<database>Unknown</database>
	</source>
	<size>
		<width>800</width>
		<height>600</height>
		<depth>3</depth>
	</size>
	<segmented>0</segmented>
	<object>
		<name>Red</name>
		<pose>Unspecified</pose>
		<truncated>0</truncated>
		<difficult>0</difficult>
		<bndbox>
			<xmin>104</xmin>
			<ymin>453</ymin>
			<xmax>127</xmax>
			<ymax>511</ymax>
		</bndbox>
	</object>
	<object>
		<name>Red</name>
		<pose>Unspecified</pose>
		<truncated>0</truncated>
		<difficult>0</difficult>
		<bndbox>
			<xmin>219</xmin>
			<ymin>451</ymin>
			<xmax>245</xmax>
			<ymax>511</ymax>
		</bndbox>
	</object>
	<object>
		<name>Red</name>
		<pose>Unspecified</pose>
		<truncated>0</truncated>
		<difficult>0</difficult>
		<bndbox>
			<xmin>333</xmin>
			<ymin>451</ymin>
			<xmax>359</xmax>
			<ymax>510</ymax>
		</bndbox>
	</object>
</annotation>
