<annotation verified="yes">
	<folder>sim_image</folder>
	<filename>frame136.jpg</filename>
	<path>C:\Users\mstei\Downloads\Capstone\sim_image\frame136.jpg</path>
	<source>
		<database>Unknown</database>
	</source>
	<size>
		<width>800</width>
		<height>600</height>
		<depth>3</depth>
	</size>
	<segmented>0</segmented>
	<object>
		<name>Red</name>
		<pose>Unspecified</pose>
		<truncated>0</truncated>
		<difficult>0</difficult>
		<bndbox>
			<xmin>514</xmin>
			<ymin>365</ymin>
			<xmax>539</xmax>
			<ymax>415</ymax>
		</bndbox>
	</object>
	<object>
		<name>Red</name>
		<pose>Unspecified</pose>
		<truncated>0</truncated>
		<difficult>0</difficult>
		<bndbox>
			<xmin>604</xmin>
			<ymin>366</ymin>
			<xmax>629</xmax>
			<ymax>416</ymax>
		</bndbox>
	</object>
	<object>
		<name>Red</name>
		<pose>Unspecified</pose>
		<truncated>0</truncated>
		<difficult>0</difficult>
		<bndbox>
			<xmin>696</xmin>
			<ymin>365</ymin>
			<xmax>722</xmax>
			<ymax>415</ymax>
		</bndbox>
	</object>
</annotation>
