<annotation verified="yes">
	<folder>sim_image</folder>
	<filename>frame1407.jpg</filename>
	<path>C:\Users\mstei\Downloads\Capstone\sim_image\frame1407.jpg</path>
	<source>
		<database>Unknown</database>
	</source>
	<size>
		<width>800</width>
		<height>600</height>
		<depth>3</depth>
	</size>
	<segmented>0</segmented>
	<object>
		<name>Green</name>
		<pose>Unspecified</pose>
		<truncated>0</truncated>
		<difficult>0</difficult>
		<bndbox>
			<xmin>57</xmin>
			<ymin>239</ymin>
			<xmax>92</xmax>
			<ymax>321</ymax>
		</bndbox>
	</object>
	<object>
		<name>Green</name>
		<pose>Unspecified</pose>
		<truncated>0</truncated>
		<difficult>0</difficult>
		<bndbox>
			<xmin>213</xmin>
			<ymin>240</ymin>
			<xmax>246</xmax>
			<ymax>321</ymax>
		</bndbox>
	</object>
	<object>
		<name>Green</name>
		<pose>Unspecified</pose>
		<truncated>0</truncated>
		<difficult>0</difficult>
		<bndbox>
			<xmin>361</xmin>
			<ymin>241</ymin>
			<xmax>397</xmax>
			<ymax>320</ymax>
		</bndbox>
	</object>
</annotation>
