<annotation verified="yes">
	<folder>sim_image</folder>
	<filename>frame1032.jpg</filename>
	<path>C:\Users\mstei\Downloads\Capstone\sim_image\frame1032.jpg</path>
	<source>
		<database>Unknown</database>
	</source>
	<size>
		<width>800</width>
		<height>600</height>
		<depth>3</depth>
	</size>
	<segmented>0</segmented>
	<object>
		<name>Green</name>
		<pose>Unspecified</pose>
		<truncated>0</truncated>
		<difficult>0</difficult>
		<bndbox>
			<xmin>238</xmin>
			<ymin>261</ymin>
			<xmax>265</xmax>
			<ymax>323</ymax>
		</bndbox>
	</object>
	<object>
		<name>Green</name>
		<pose>Unspecified</pose>
		<truncated>0</truncated>
		<difficult>0</difficult>
		<bndbox>
			<xmin>364</xmin>
			<ymin>257</ymin>
			<xmax>391</xmax>
			<ymax>325</ymax>
		</bndbox>
	</object>
	<object>
		<name>Green</name>
		<pose>Unspecified</pose>
		<truncated>0</truncated>
		<difficult>0</difficult>
		<bndbox>
			<xmin>492</xmin>
			<ymin>257</ymin>
			<xmax>522</xmax>
			<ymax>321</ymax>
		</bndbox>
	</object>
</annotation>
