<annotation verified="yes">
	<folder>sim_image</folder>
	<filename>frame1249.jpg</filename>
	<path>C:\Users\mstei\Downloads\Capstone\sim_image\frame1249.jpg</path>
	<source>
		<database>Unknown</database>
	</source>
	<size>
		<width>800</width>
		<height>600</height>
		<depth>3</depth>
	</size>
	<segmented>0</segmented>
	<object>
		<name>Red</name>
		<pose>Unspecified</pose>
		<truncated>1</truncated>
		<difficult>0</difficult>
		<bndbox>
			<xmin>441</xmin>
			<ymin>1</ymin>
			<xmax>517</xmax>
			<ymax>172</ymax>
		</bndbox>
	</object>
	<object>
		<name>Red</name>
		<pose>Unspecified</pose>
		<truncated>0</truncated>
		<difficult>0</difficult>
		<bndbox>
			<xmin>110</xmin>
			<ymin>3</ymin>
			<xmax>186</xmax>
			<ymax>179</ymax>
		</bndbox>
	</object>
</annotation>
