<annotation verified="yes">
	<folder>sim_image</folder>
	<filename>frame143.jpg</filename>
	<path>C:\Users\mstei\Downloads\Capstone\sim_image\frame143.jpg</path>
	<source>
		<database>Unknown</database>
	</source>
	<size>
		<width>800</width>
		<height>600</height>
		<depth>3</depth>
	</size>
	<segmented>0</segmented>
	<object>
		<name>Red</name>
		<pose>Unspecified</pose>
		<truncated>0</truncated>
		<difficult>0</difficult>
		<bndbox>
			<xmin>481</xmin>
			<ymin>294</ymin>
			<xmax>505</xmax>
			<ymax>352</ymax>
		</bndbox>
	</object>
	<object>
		<name>Red</name>
		<pose>Unspecified</pose>
		<truncated>0</truncated>
		<difficult>0</difficult>
		<bndbox>
			<xmin>588</xmin>
			<ymin>296</ymin>
			<xmax>617</xmax>
			<ymax>353</ymax>
		</bndbox>
	</object>
	<object>
		<name>Red</name>
		<pose>Unspecified</pose>
		<truncated>0</truncated>
		<difficult>0</difficult>
		<bndbox>
			<xmin>695</xmin>
			<ymin>295</ymin>
			<xmax>724</xmax>
			<ymax>353</ymax>
		</bndbox>
	</object>
</annotation>
