<annotation verified="yes">
	<folder>sim_image</folder>
	<filename>frame1040.jpg</filename>
	<path>C:\Users\mstei\Downloads\Capstone\sim_image\frame1040.jpg</path>
	<source>
		<database>Unknown</database>
	</source>
	<size>
		<width>800</width>
		<height>600</height>
		<depth>3</depth>
	</size>
	<segmented>0</segmented>
	<object>
		<name>Green</name>
		<pose>Unspecified</pose>
		<truncated>0</truncated>
		<difficult>0</difficult>
		<bndbox>
			<xmin>235</xmin>
			<ymin>227</ymin>
			<xmax>269</xmax>
			<ymax>306</ymax>
		</bndbox>
	</object>
	<object>
		<name>Green</name>
		<pose>Unspecified</pose>
		<truncated>0</truncated>
		<difficult>0</difficult>
		<bndbox>
			<xmin>390</xmin>
			<ymin>224</ymin>
			<xmax>424</xmax>
			<ymax>304</ymax>
		</bndbox>
	</object>
	<object>
		<name>Green</name>
		<pose>Unspecified</pose>
		<truncated>0</truncated>
		<difficult>0</difficult>
		<bndbox>
			<xmin>546</xmin>
			<ymin>221</ymin>
			<xmax>584</xmax>
			<ymax>306</ymax>
		</bndbox>
	</object>
</annotation>
