<annotation verified="yes">
	<folder>sim_image</folder>
	<filename>frame1156.jpg</filename>
	<path>C:\Users\mstei\Downloads\Capstone\sim_image\frame1156.jpg</path>
	<source>
		<database>Unknown</database>
	</source>
	<size>
		<width>800</width>
		<height>600</height>
		<depth>3</depth>
	</size>
	<segmented>0</segmented>
	<object>
		<name>Red</name>
		<pose>Unspecified</pose>
		<truncated>0</truncated>
		<difficult>0</difficult>
		<bndbox>
			<xmin>577</xmin>
			<ymin>202</ymin>
			<xmax>654</xmax>
			<ymax>365</ymax>
		</bndbox>
	</object>
	<object>
		<name>Red</name>
		<pose>Unspecified</pose>
		<truncated>0</truncated>
		<difficult>0</difficult>
		<bndbox>
			<xmin>270</xmin>
			<ymin>198</ymin>
			<xmax>343</xmax>
			<ymax>360</ymax>
		</bndbox>
	</object>
</annotation>
