<annotation verified="yes">
	<folder>sim_image</folder>
	<filename>frame1.jpg</filename>
	<path>C:\Users\mstei\Downloads\Capstone\sim_image\frame1.jpg</path>
	<source>
		<database>Unknown</database>
	</source>
	<size>
		<width>800</width>
		<height>600</height>
		<depth>3</depth>
	</size>
	<segmented>0</segmented>
	<object>
		<name>Red</name>
		<pose>Unspecified</pose>
		<truncated>0</truncated>
		<difficult>0</difficult>
		<bndbox>
			<xmin>99</xmin>
			<ymin>442</ymin>
			<xmax>158</xmax>
			<ymax>583</ymax>
		</bndbox>
	</object>
	<object>
		<name>Red</name>
		<pose>Unspecified</pose>
		<truncated>0</truncated>
		<difficult>0</difficult>
		<bndbox>
			<xmin>360</xmin>
			<ymin>437</ymin>
			<xmax>415</xmax>
			<ymax>577</ymax>
		</bndbox>
	</object>
	<object>
		<name>Red</name>
		<pose>Unspecified</pose>
		<truncated>0</truncated>
		<difficult>0</difficult>
		<bndbox>
			<xmin>624</xmin>
			<ymin>431</ymin>
			<xmax>689</xmax>
			<ymax>575</ymax>
		</bndbox>
	</object>
</annotation>
