<annotation verified="yes">
	<folder>sim_image</folder>
	<filename>frame1296.jpg</filename>
	<path>C:\Users\mstei\Downloads\Capstone\sim_image\frame1296.jpg</path>
	<source>
		<database>Unknown</database>
	</source>
	<size>
		<width>800</width>
		<height>600</height>
		<depth>3</depth>
	</size>
	<segmented>0</segmented>
	<object>
		<name>Red</name>
		<pose>Unspecified</pose>
		<truncated>0</truncated>
		<difficult>0</difficult>
		<bndbox>
			<xmin>536</xmin>
			<ymin>117</ymin>
			<xmax>600</xmax>
			<ymax>252</ymax>
		</bndbox>
	</object>
	<object>
		<name>Red</name>
		<pose>Unspecified</pose>
		<truncated>0</truncated>
		<difficult>0</difficult>
		<bndbox>
			<xmin>286</xmin>
			<ymin>122</ymin>
			<xmax>344</xmax>
			<ymax>252</ymax>
		</bndbox>
	</object>
	<object>
		<name>Red</name>
		<pose>Unspecified</pose>
		<truncated>0</truncated>
		<difficult>0</difficult>
		<bndbox>
			<xmin>36</xmin>
			<ymin>120</ymin>
			<xmax>95</xmax>
			<ymax>253</ymax>
		</bndbox>
	</object>
</annotation>
