<annotation verified="yes">
	<folder>sim_image</folder>
	<filename>frame1310.jpg</filename>
	<path>C:\Users\mstei\Downloads\Capstone\sim_image\frame1310.jpg</path>
	<source>
		<database>Unknown</database>
	</source>
	<size>
		<width>800</width>
		<height>600</height>
		<depth>3</depth>
	</size>
	<segmented>0</segmented>
	<object>
		<name>Red</name>
		<pose>Unspecified</pose>
		<truncated>0</truncated>
		<difficult>0</difficult>
		<bndbox>
			<xmin>361</xmin>
			<ymin>100</ymin>
			<xmax>421</xmax>
			<ymax>242</ymax>
		</bndbox>
	</object>
	<object>
		<name>Red</name>
		<pose>Unspecified</pose>
		<truncated>0</truncated>
		<difficult>0</difficult>
		<bndbox>
			<xmin>631</xmin>
			<ymin>94</ymin>
			<xmax>694</xmax>
			<ymax>234</ymax>
		</bndbox>
	</object>
</annotation>
