<annotation verified="yes">
	<folder>sim_image</folder>
	<filename>frame1112.jpg</filename>
	<path>C:\Users\mstei\Downloads\Capstone\sim_image\frame1112.jpg</path>
	<source>
		<database>Unknown</database>
	</source>
	<size>
		<width>800</width>
		<height>600</height>
		<depth>3</depth>
	</size>
	<segmented>0</segmented>
	<object>
		<name>Red</name>
		<pose>Unspecified</pose>
		<truncated>0</truncated>
		<difficult>0</difficult>
		<bndbox>
			<xmin>245</xmin>
			<ymin>430</ymin>
			<xmax>275</xmax>
			<ymax>502</ymax>
		</bndbox>
	</object>
	<object>
		<name>Red</name>
		<pose>Unspecified</pose>
		<truncated>0</truncated>
		<difficult>0</difficult>
		<bndbox>
			<xmin>118</xmin>
			<ymin>434</ymin>
			<xmax>149</xmax>
			<ymax>500</ymax>
		</bndbox>
	</object>
	<object>
		<name>Red</name>
		<pose>Unspecified</pose>
		<truncated>1</truncated>
		<difficult>0</difficult>
		<bndbox>
			<xmin>1</xmin>
			<ymin>432</ymin>
			<xmax>14</xmax>
			<ymax>497</ymax>
		</bndbox>
	</object>
</annotation>
