<annotation verified="yes">
	<folder>sim_image</folder>
	<filename>frame1091.jpg</filename>
	<path>C:\Users\mstei\Downloads\Capstone\sim_image\frame1091.jpg</path>
	<source>
		<database>Unknown</database>
	</source>
	<size>
		<width>800</width>
		<height>600</height>
		<depth>3</depth>
	</size>
	<segmented>0</segmented>
	<object>
		<name>Yellow</name>
		<pose>Unspecified</pose>
		<truncated>0</truncated>
		<difficult>0</difficult>
		<bndbox>
			<xmin>164</xmin>
			<ymin>497</ymin>
			<xmax>182</xmax>
			<ymax>537</ymax>
		</bndbox>
	</object>
	<object>
		<name>Yellow</name>
		<pose>Unspecified</pose>
		<truncated>0</truncated>
		<difficult>0</difficult>
		<bndbox>
			<xmin>85</xmin>
			<ymin>499</ymin>
			<xmax>102</xmax>
			<ymax>536</ymax>
		</bndbox>
	</object>
	<object>
		<name>Yellow</name>
		<pose>Unspecified</pose>
		<truncated>0</truncated>
		<difficult>0</difficult>
		<bndbox>
			<xmin>6</xmin>
			<ymin>496</ymin>
			<xmax>22</xmax>
			<ymax>535</ymax>
		</bndbox>
	</object>
</annotation>
