<annotation verified="yes">
	<folder>sim_image</folder>
	<filename>frame1251.jpg</filename>
	<path>C:\Users\mstei\Downloads\Capstone\sim_image\frame1251.jpg</path>
	<source>
		<database>Unknown</database>
	</source>
	<size>
		<width>800</width>
		<height>600</height>
		<depth>3</depth>
	</size>
	<segmented>0</segmented>
	<object>
		<name>Red</name>
		<pose>Unspecified</pose>
		<truncated>1</truncated>
		<difficult>0</difficult>
		<bndbox>
			<xmin>444</xmin>
			<ymin>1</ymin>
			<xmax>518</xmax>
			<ymax>174</ymax>
		</bndbox>
	</object>
	<object>
		<name>Red</name>
		<pose>Unspecified</pose>
		<truncated>0</truncated>
		<difficult>0</difficult>
		<bndbox>
			<xmin>108</xmin>
			<ymin>2</ymin>
			<xmax>185</xmax>
			<ymax>177</ymax>
		</bndbox>
	</object>
</annotation>
