<annotation verified="yes">
	<folder>sim_image</folder>
	<filename>frame1007.jpg</filename>
	<path>C:\Users\mstei\Downloads\Capstone\sim_image\frame1007.jpg</path>
	<source>
		<database>Unknown</database>
	</source>
	<size>
		<width>800</width>
		<height>600</height>
		<depth>3</depth>
	</size>
	<segmented>0</segmented>
	<object>
		<name>Red</name>
		<pose>Unspecified</pose>
		<truncated>0</truncated>
		<difficult>0</difficult>
		<bndbox>
			<xmin>491</xmin>
			<ymin>328</ymin>
			<xmax>509</xmax>
			<ymax>368</ymax>
		</bndbox>
	</object>
	<object>
		<name>Red</name>
		<pose>Unspecified</pose>
		<truncated>0</truncated>
		<difficult>0</difficult>
		<bndbox>
			<xmin>567</xmin>
			<ymin>328</ymin>
			<xmax>582</xmax>
			<ymax>367</ymax>
		</bndbox>
	</object>
	<object>
		<name>Red</name>
		<pose>Unspecified</pose>
		<truncated>0</truncated>
		<difficult>0</difficult>
		<bndbox>
			<xmin>642</xmin>
			<ymin>327</ymin>
			<xmax>658</xmax>
			<ymax>367</ymax>
		</bndbox>
	</object>
</annotation>
