<annotation verified="yes">
	<folder>sim_image</folder>
	<filename>frame1104.jpg</filename>
	<path>C:\Users\mstei\Downloads\Capstone\sim_image\frame1104.jpg</path>
	<source>
		<database>Unknown</database>
	</source>
	<size>
		<width>800</width>
		<height>600</height>
		<depth>3</depth>
	</size>
	<segmented>0</segmented>
	<object>
		<name>Yellow</name>
		<pose>Unspecified</pose>
		<truncated>0</truncated>
		<difficult>0</difficult>
		<bndbox>
			<xmin>298</xmin>
			<ymin>467</ymin>
			<xmax>318</xmax>
			<ymax>522</ymax>
		</bndbox>
	</object>
	<object>
		<name>Yellow</name>
		<pose>Unspecified</pose>
		<truncated>0</truncated>
		<difficult>0</difficult>
		<bndbox>
			<xmin>196</xmin>
			<ymin>469</ymin>
			<xmax>217</xmax>
			<ymax>519</ymax>
		</bndbox>
	</object>
	<object>
		<name>Yellow</name>
		<pose>Unspecified</pose>
		<truncated>0</truncated>
		<difficult>0</difficult>
		<bndbox>
			<xmin>91</xmin>
			<ymin>464</ymin>
			<xmax>115</xmax>
			<ymax>520</ymax>
		</bndbox>
	</object>
</annotation>
