<annotation verified="yes">
	<folder>sim_image</folder>
	<filename>frame1109.jpg</filename>
	<path>C:\Users\mstei\Downloads\Capstone\sim_image\frame1109.jpg</path>
	<source>
		<database>Unknown</database>
	</source>
	<size>
		<width>800</width>
		<height>600</height>
		<depth>3</depth>
	</size>
	<segmented>0</segmented>
	<object>
		<name>Red</name>
		<pose>Unspecified</pose>
		<truncated>0</truncated>
		<difficult>0</difficult>
		<bndbox>
			<xmin>390</xmin>
			<ymin>446</ymin>
			<xmax>416</xmax>
			<ymax>505</ymax>
		</bndbox>
	</object>
	<object>
		<name>Red</name>
		<pose>Unspecified</pose>
		<truncated>0</truncated>
		<difficult>0</difficult>
		<bndbox>
			<xmin>273</xmin>
			<ymin>445</ymin>
			<xmax>299</xmax>
			<ymax>506</ymax>
		</bndbox>
	</object>
	<object>
		<name>Red</name>
		<pose>Unspecified</pose>
		<truncated>0</truncated>
		<difficult>0</difficult>
		<bndbox>
			<xmin>155</xmin>
			<ymin>444</ymin>
			<xmax>184</xmax>
			<ymax>506</ymax>
		</bndbox>
	</object>
</annotation>
