<annotation verified="yes">
	<folder>sim_image</folder>
	<filename>frame1302.jpg</filename>
	<path>C:\Users\mstei\Downloads\Capstone\sim_image\frame1302.jpg</path>
	<source>
		<database>Unknown</database>
	</source>
	<size>
		<width>800</width>
		<height>600</height>
		<depth>3</depth>
	</size>
	<segmented>0</segmented>
	<object>
		<name>Red</name>
		<pose>Unspecified</pose>
		<truncated>0</truncated>
		<difficult>0</difficult>
		<bndbox>
			<xmin>332</xmin>
			<ymin>114</ymin>
			<xmax>391</xmax>
			<ymax>251</ymax>
		</bndbox>
	</object>
	<object>
		<name>Red</name>
		<pose>Unspecified</pose>
		<truncated>0</truncated>
		<difficult>0</difficult>
		<bndbox>
			<xmin>587</xmin>
			<ymin>111</ymin>
			<xmax>649</xmax>
			<ymax>248</ymax>
		</bndbox>
	</object>
</annotation>
