<annotation verified="yes">
	<folder>sim_image</folder>
	<filename>frame1193.jpg</filename>
	<path>C:\Users\mstei\Downloads\Capstone\sim_image\frame1193.jpg</path>
	<source>
		<database>Unknown</database>
	</source>
	<size>
		<width>800</width>
		<height>600</height>
		<depth>3</depth>
	</size>
	<segmented>0</segmented>
	<object>
		<name>Green</name>
		<pose>Unspecified</pose>
		<truncated>0</truncated>
		<difficult>0</difficult>
		<bndbox>
			<xmin>256</xmin>
			<ymin>36</ymin>
			<xmax>354</xmax>
			<ymax>274</ymax>
		</bndbox>
	</object>
	<object>
		<name>Green</name>
		<pose>Unspecified</pose>
		<truncated>0</truncated>
		<difficult>0</difficult>
		<bndbox>
			<xmin>686</xmin>
			<ymin>41</ymin>
			<xmax>792</xmax>
			<ymax>273</ymax>
		</bndbox>
	</object>
</annotation>
