<annotation verified="yes">
	<folder>sim_image</folder>
	<filename>frame105.jpg</filename>
	<path>C:\Users\mstei\Downloads\Capstone\sim_image\frame105.jpg</path>
	<source>
		<database>Unknown</database>
	</source>
	<size>
		<width>800</width>
		<height>600</height>
		<depth>3</depth>
	</size>
	<segmented>0</segmented>
	<object>
		<name>Yellow</name>
		<pose>Unspecified</pose>
		<truncated>0</truncated>
		<difficult>0</difficult>
		<bndbox>
			<xmin>385</xmin>
			<ymin>443</ymin>
			<xmax>398</xmax>
			<ymax>473</ymax>
		</bndbox>
	</object>
	<object>
		<name>Yellow</name>
		<pose>Unspecified</pose>
		<truncated>0</truncated>
		<difficult>0</difficult>
		<bndbox>
			<xmin>439</xmin>
			<ymin>444</ymin>
			<xmax>453</xmax>
			<ymax>473</ymax>
		</bndbox>
	</object>
	<object>
		<name>Yellow</name>
		<pose>Unspecified</pose>
		<truncated>0</truncated>
		<difficult>0</difficult>
		<bndbox>
			<xmin>493</xmin>
			<ymin>443</ymin>
			<xmax>507</xmax>
			<ymax>473</ymax>
		</bndbox>
	</object>
</annotation>
