<annotation verified="yes">
	<folder>sim_image</folder>
	<filename>frame1170.jpg</filename>
	<path>C:\Users\mstei\Downloads\Capstone\sim_image\frame1170.jpg</path>
	<source>
		<database>Unknown</database>
	</source>
	<size>
		<width>800</width>
		<height>600</height>
		<depth>3</depth>
	</size>
	<segmented>0</segmented>
	<object>
		<name>Red</name>
		<pose>Unspecified</pose>
		<truncated>0</truncated>
		<difficult>0</difficult>
		<bndbox>
			<xmin>270</xmin>
			<ymin>180</ymin>
			<xmax>344</xmax>
			<ymax>351</ymax>
		</bndbox>
	</object>
	<object>
		<name>Red</name>
		<pose>Unspecified</pose>
		<truncated>0</truncated>
		<difficult>0</difficult>
		<bndbox>
			<xmin>593</xmin>
			<ymin>181</ymin>
			<xmax>672</xmax>
			<ymax>345</ymax>
		</bndbox>
	</object>
</annotation>
