<annotation verified="yes">
	<folder>sim_image</folder>
	<filename>frame1158.jpg</filename>
	<path>C:\Users\mstei\Downloads\Capstone\sim_image\frame1158.jpg</path>
	<source>
		<database>Unknown</database>
	</source>
	<size>
		<width>800</width>
		<height>600</height>
		<depth>3</depth>
	</size>
	<segmented>0</segmented>
	<object>
		<name>Red</name>
		<pose>Unspecified</pose>
		<truncated>0</truncated>
		<difficult>0</difficult>
		<bndbox>
			<xmin>268</xmin>
			<ymin>189</ymin>
			<xmax>345</xmax>
			<ymax>359</ymax>
		</bndbox>
	</object>
	<object>
		<name>Red</name>
		<pose>Unspecified</pose>
		<truncated>0</truncated>
		<difficult>0</difficult>
		<bndbox>
			<xmin>588</xmin>
			<ymin>190</ymin>
			<xmax>664</xmax>
			<ymax>355</ymax>
		</bndbox>
	</object>
</annotation>
