<annotation verified="yes">
	<folder>sim_image</folder>
	<filename>frame1022.jpg</filename>
	<path>C:\Users\mstei\Downloads\Capstone\sim_image\frame1022.jpg</path>
	<source>
		<database>Unknown</database>
	</source>
	<size>
		<width>800</width>
		<height>600</height>
		<depth>3</depth>
	</size>
	<segmented>0</segmented>
	<object>
		<name>Red</name>
		<pose>Unspecified</pose>
		<truncated>0</truncated>
		<difficult>0</difficult>
		<bndbox>
			<xmin>389</xmin>
			<ymin>290</ymin>
			<xmax>411</xmax>
			<ymax>343</ymax>
		</bndbox>
	</object>
	<object>
		<name>Red</name>
		<pose>Unspecified</pose>
		<truncated>0</truncated>
		<difficult>0</difficult>
		<bndbox>
			<xmin>494</xmin>
			<ymin>287</ymin>
			<xmax>517</xmax>
			<ymax>341</ymax>
		</bndbox>
	</object>
	<object>
		<name>Red</name>
		<pose>Unspecified</pose>
		<truncated>0</truncated>
		<difficult>0</difficult>
		<bndbox>
			<xmin>599</xmin>
			<ymin>286</ymin>
			<xmax>625</xmax>
			<ymax>341</ymax>
		</bndbox>
	</object>
</annotation>
