<annotation verified="yes">
	<folder>sim_image</folder>
	<filename>frame103.jpg</filename>
	<path>C:\Users\mstei\Downloads\Capstone\sim_image\frame103.jpg</path>
	<source>
		<database>Unknown</database>
	</source>
	<size>
		<width>800</width>
		<height>600</height>
		<depth>3</depth>
	</size>
	<segmented>0</segmented>
	<object>
		<name>Green</name>
		<pose>Unspecified</pose>
		<truncated>0</truncated>
		<difficult>0</difficult>
		<bndbox>
			<xmin>395</xmin>
			<ymin>447</ymin>
			<xmax>409</xmax>
			<ymax>475</ymax>
		</bndbox>
	</object>
	<object>
		<name>Green</name>
		<pose>Unspecified</pose>
		<truncated>0</truncated>
		<difficult>0</difficult>
		<bndbox>
			<xmin>450</xmin>
			<ymin>447</ymin>
			<xmax>462</xmax>
			<ymax>475</ymax>
		</bndbox>
	</object>
	<object>
		<name>Green</name>
		<pose>Unspecified</pose>
		<truncated>0</truncated>
		<difficult>0</difficult>
		<bndbox>
			<xmin>501</xmin>
			<ymin>447</ymin>
			<xmax>515</xmax>
			<ymax>476</ymax>
		</bndbox>
	</object>
</annotation>
