<annotation verified="yes">
	<folder>sim_image</folder>
	<filename>frame1406.jpg</filename>
	<path>C:\Users\mstei\Downloads\Capstone\sim_image\frame1406.jpg</path>
	<source>
		<database>Unknown</database>
	</source>
	<size>
		<width>800</width>
		<height>600</height>
		<depth>3</depth>
	</size>
	<segmented>0</segmented>
	<object>
		<name>Green</name>
		<pose>Unspecified</pose>
		<truncated>0</truncated>
		<difficult>0</difficult>
		<bndbox>
			<xmin>390</xmin>
			<ymin>246</ymin>
			<xmax>425</xmax>
			<ymax>322</ymax>
		</bndbox>
	</object>
	<object>
		<name>Green</name>
		<pose>Unspecified</pose>
		<truncated>0</truncated>
		<difficult>0</difficult>
		<bndbox>
			<xmin>245</xmin>
			<ymin>246</ymin>
			<xmax>279</xmax>
			<ymax>323</ymax>
		</bndbox>
	</object>
	<object>
		<name>Green</name>
		<pose>Unspecified</pose>
		<truncated>0</truncated>
		<difficult>0</difficult>
		<bndbox>
			<xmin>96</xmin>
			<ymin>246</ymin>
			<xmax>131</xmax>
			<ymax>324</ymax>
		</bndbox>
	</object>
</annotation>
