<annotation verified="yes">
	<folder>sim_image</folder>
	<filename>frame1013.jpg</filename>
	<path>C:\Users\mstei\Downloads\Capstone\sim_image\frame1013.jpg</path>
	<source>
		<database>Unknown</database>
	</source>
	<size>
		<width>800</width>
		<height>600</height>
		<depth>3</depth>
	</size>
	<segmented>0</segmented>
	<object>
		<name>Red</name>
		<pose>Unspecified</pose>
		<truncated>0</truncated>
		<difficult>0</difficult>
		<bndbox>
			<xmin>418</xmin>
			<ymin>315</ymin>
			<xmax>435</xmax>
			<ymax>357</ymax>
		</bndbox>
	</object>
	<object>
		<name>Red</name>
		<pose>Unspecified</pose>
		<truncated>0</truncated>
		<difficult>0</difficult>
		<bndbox>
			<xmin>588</xmin>
			<ymin>311</ymin>
			<xmax>608</xmax>
			<ymax>357</ymax>
		</bndbox>
	</object>
	<object>
		<name>Red</name>
		<pose>Unspecified</pose>
		<truncated>0</truncated>
		<difficult>0</difficult>
		<bndbox>
			<xmin>501</xmin>
			<ymin>313</ymin>
			<xmax>521</xmax>
			<ymax>358</ymax>
		</bndbox>
	</object>
</annotation>
