<annotation verified="yes">
	<folder>sim_image</folder>
	<filename>frame101.jpg</filename>
	<path>C:\Users\mstei\Downloads\Capstone\sim_image\frame101.jpg</path>
	<source>
		<database>Unknown</database>
	</source>
	<size>
		<width>800</width>
		<height>600</height>
		<depth>3</depth>
	</size>
	<segmented>0</segmented>
	<object>
		<name>Green</name>
		<pose>Unspecified</pose>
		<truncated>0</truncated>
		<difficult>0</difficult>
		<bndbox>
			<xmin>406</xmin>
			<ymin>447</ymin>
			<xmax>419</xmax>
			<ymax>475</ymax>
		</bndbox>
	</object>
	<object>
		<name>Green</name>
		<pose>Unspecified</pose>
		<truncated>0</truncated>
		<difficult>0</difficult>
		<bndbox>
			<xmin>457</xmin>
			<ymin>446</ymin>
			<xmax>471</xmax>
			<ymax>476</ymax>
		</bndbox>
	</object>
	<object>
		<name>Green</name>
		<pose>Unspecified</pose>
		<truncated>0</truncated>
		<difficult>0</difficult>
		<bndbox>
			<xmin>509</xmin>
			<ymin>447</ymin>
			<xmax>522</xmax>
			<ymax>476</ymax>
		</bndbox>
	</object>
</annotation>
