<annotation verified="yes">
	<folder>sim_image</folder>
	<filename>frame1084.jpg</filename>
	<path>C:\Users\mstei\Downloads\Capstone\sim_image\frame1084.jpg</path>
	<source>
		<database>Unknown</database>
	</source>
	<size>
		<width>800</width>
		<height>600</height>
		<depth>3</depth>
	</size>
	<segmented>0</segmented>
	<object>
		<name>Green</name>
		<pose>Unspecified</pose>
		<truncated>0</truncated>
		<difficult>0</difficult>
		<bndbox>
			<xmin>177</xmin>
			<ymin>507</ymin>
			<xmax>193</xmax>
			<ymax>541</ymax>
		</bndbox>
	</object>
	<object>
		<name>Green</name>
		<pose>Unspecified</pose>
		<truncated>0</truncated>
		<difficult>1</difficult>
		<bndbox>
			<xmin>106</xmin>
			<ymin>507</ymin>
			<xmax>122</xmax>
			<ymax>540</ymax>
		</bndbox>
	</object>
	<object>
		<name>Green</name>
		<pose>Unspecified</pose>
		<truncated>0</truncated>
		<difficult>1</difficult>
		<bndbox>
			<xmin>33</xmin>
			<ymin>505</ymin>
			<xmax>52</xmax>
			<ymax>542</ymax>
		</bndbox>
	</object>
</annotation>
