<annotation verified="yes">
	<folder>sim_image</folder>
	<filename>frame1145.jpg</filename>
	<path>C:\Users\mstei\Downloads\Capstone\sim_image\frame1145.jpg</path>
	<source>
		<database>Unknown</database>
	</source>
	<size>
		<width>800</width>
		<height>600</height>
		<depth>3</depth>
	</size>
	<segmented>0</segmented>
	<object>
		<name>Red</name>
		<pose>Unspecified</pose>
		<truncated>0</truncated>
		<difficult>0</difficult>
		<bndbox>
			<xmin>502</xmin>
			<ymin>261</ymin>
			<xmax>562</xmax>
			<ymax>393</ymax>
		</bndbox>
	</object>
	<object>
		<name>Red</name>
		<pose>Unspecified</pose>
		<truncated>0</truncated>
		<difficult>0</difficult>
		<bndbox>
			<xmin>238</xmin>
			<ymin>260</ymin>
			<xmax>297</xmax>
			<ymax>393</ymax>
		</bndbox>
	</object>
	<object>
		<name>Red</name>
		<pose>Unspecified</pose>
		<truncated>1</truncated>
		<difficult>0</difficult>
		<bndbox>
			<xmin>1</xmin>
			<ymin>257</ymin>
			<xmax>29</xmax>
			<ymax>387</ymax>
		</bndbox>
	</object>
</annotation>
