<annotation verified="yes">
	<folder>sim_image</folder>
	<filename>frame1379.jpg</filename>
	<path>C:\Users\mstei\Downloads\Capstone\sim_image\frame1379.jpg</path>
	<source>
		<database>Unknown</database>
	</source>
	<size>
		<width>800</width>
		<height>600</height>
		<depth>3</depth>
	</size>
	<segmented>0</segmented>
	<object>
		<name>Green</name>
		<pose>Unspecified</pose>
		<truncated>0</truncated>
		<difficult>1</difficult>
		<bndbox>
			<xmin>91</xmin>
			<ymin>350</ymin>
			<xmax>104</xmax>
			<ymax>384</ymax>
		</bndbox>
	</object>
	<object>
		<name>Green</name>
		<pose>Unspecified</pose>
		<truncated>0</truncated>
		<difficult>1</difficult>
		<bndbox>
			<xmin>24</xmin>
			<ymin>348</ymin>
			<xmax>38</xmax>
			<ymax>386</ymax>
		</bndbox>
	</object>
</annotation>
