<annotation verified="yes">
	<folder>sim_image</folder>
	<filename>frame1010.jpg</filename>
	<path>C:\Users\mstei\Downloads\Capstone\sim_image\frame1010.jpg</path>
	<source>
		<database>Unknown</database>
	</source>
	<size>
		<width>800</width>
		<height>600</height>
		<depth>3</depth>
	</size>
	<segmented>0</segmented>
	<object>
		<name>Red</name>
		<pose>Unspecified</pose>
		<truncated>0</truncated>
		<difficult>0</difficult>
		<bndbox>
			<xmin>590</xmin>
			<ymin>321</ymin>
			<xmax>606</xmax>
			<ymax>356</ymax>
		</bndbox>
	</object>
	<object>
		<name>Red</name>
		<pose>Unspecified</pose>
		<truncated>0</truncated>
		<difficult>0</difficult>
		<bndbox>
			<xmin>510</xmin>
			<ymin>321</ymin>
			<xmax>526</xmax>
			<ymax>356</ymax>
		</bndbox>
	</object>
	<object>
		<name>Red</name>
		<pose>Unspecified</pose>
		<truncated>0</truncated>
		<difficult>0</difficult>
		<bndbox>
			<xmin>672</xmin>
			<ymin>322</ymin>
			<xmax>688</xmax>
			<ymax>357</ymax>
		</bndbox>
	</object>
</annotation>
