<annotation verified="yes">
	<folder>sim_image</folder>
	<filename>frame1439.jpg</filename>
	<path>C:\Users\mstei\Downloads\Capstone\sim_image\frame1439.jpg</path>
	<source>
		<database>Unknown</database>
	</source>
	<size>
		<width>800</width>
		<height>600</height>
		<depth>3</depth>
	</size>
	<segmented>0</segmented>
	<object>
		<name>Yellow</name>
		<pose>Unspecified</pose>
		<truncated>0</truncated>
		<difficult>0</difficult>
		<bndbox>
			<xmin>236</xmin>
			<ymin>207</ymin>
			<xmax>277</xmax>
			<ymax>302</ymax>
		</bndbox>
	</object>
	<object>
		<name>Yellow</name>
		<pose>Unspecified</pose>
		<truncated>0</truncated>
		<difficult>0</difficult>
		<bndbox>
			<xmin>52</xmin>
			<ymin>205</ymin>
			<xmax>95</xmax>
			<ymax>300</ymax>
		</bndbox>
	</object>
</annotation>
