<annotation verified="yes">
	<folder>sim_image</folder>
	<filename>frame140.jpg</filename>
	<path>C:\Users\mstei\Downloads\Capstone\sim_image\frame140.jpg</path>
	<source>
		<database>Unknown</database>
	</source>
	<size>
		<width>800</width>
		<height>600</height>
		<depth>3</depth>
	</size>
	<segmented>0</segmented>
	<object>
		<name>Red</name>
		<pose>Unspecified</pose>
		<truncated>0</truncated>
		<difficult>0</difficult>
		<bndbox>
			<xmin>545</xmin>
			<ymin>308</ymin>
			<xmax>571</xmax>
			<ymax>363</ymax>
		</bndbox>
	</object>
	<object>
		<name>Red</name>
		<pose>Unspecified</pose>
		<truncated>0</truncated>
		<difficult>0</difficult>
		<bndbox>
			<xmin>646</xmin>
			<ymin>309</ymin>
			<xmax>670</xmax>
			<ymax>363</ymax>
		</bndbox>
	</object>
	<object>
		<name>Red</name>
		<pose>Unspecified</pose>
		<truncated>0</truncated>
		<difficult>0</difficult>
		<bndbox>
			<xmin>747</xmin>
			<ymin>309</ymin>
			<xmax>772</xmax>
			<ymax>361</ymax>
		</bndbox>
	</object>
</annotation>
