<annotation verified="yes">
	<folder>sim_image</folder>
	<filename>frame1233.jpg</filename>
	<path>C:\Users\mstei\Downloads\Capstone\sim_image\frame1233.jpg</path>
	<source>
		<database>Unknown</database>
	</source>
	<size>
		<width>800</width>
		<height>600</height>
		<depth>3</depth>
	</size>
	<segmented>0</segmented>
	<object>
		<name>Red</name>
		<pose>Unspecified</pose>
		<truncated>0</truncated>
		<difficult>0</difficult>
		<bndbox>
			<xmin>124</xmin>
			<ymin>12</ymin>
			<xmax>200</xmax>
			<ymax>185</ymax>
		</bndbox>
	</object>
	<object>
		<name>Red</name>
		<pose>Unspecified</pose>
		<truncated>0</truncated>
		<difficult>0</difficult>
		<bndbox>
			<xmin>447</xmin>
			<ymin>8</ymin>
			<xmax>523</xmax>
			<ymax>183</ymax>
		</bndbox>
	</object>
</annotation>
