<annotation verified="yes">
	<folder>sim_image</folder>
	<filename>frame1403.jpg</filename>
	<path>C:\Users\mstei\Downloads\Capstone\sim_image\frame1403.jpg</path>
	<source>
		<database>Unknown</database>
	</source>
	<size>
		<width>800</width>
		<height>600</height>
		<depth>3</depth>
	</size>
	<segmented>0</segmented>
	<object>
		<name>Green</name>
		<pose>Unspecified</pose>
		<truncated>0</truncated>
		<difficult>0</difficult>
		<bndbox>
			<xmin>176</xmin>
			<ymin>261</ymin>
			<xmax>205</xmax>
			<ymax>333</ymax>
		</bndbox>
	</object>
	<object>
		<name>Green</name>
		<pose>Unspecified</pose>
		<truncated>0</truncated>
		<difficult>0</difficult>
		<bndbox>
			<xmin>40</xmin>
			<ymin>261</ymin>
			<xmax>73</xmax>
			<ymax>332</ymax>
		</bndbox>
	</object>
</annotation>
