<annotation verified="yes">
	<folder>sim_image</folder>
	<filename>frame131.jpg</filename>
	<path>C:\Users\mstei\Downloads\Capstone\sim_image\frame131.jpg</path>
	<source>
		<database>Unknown</database>
	</source>
	<size>
		<width>800</width>
		<height>600</height>
		<depth>3</depth>
	</size>
	<segmented>0</segmented>
	<object>
		<name>Red</name>
		<pose>Unspecified</pose>
		<truncated>0</truncated>
		<difficult>1</difficult>
		<bndbox>
			<xmin>546</xmin>
			<ymin>410</ymin>
			<xmax>569</xmax>
			<ymax>455</ymax>
		</bndbox>
	</object>
	<object>
		<name>Red</name>
		<pose>Unspecified</pose>
		<truncated>0</truncated>
		<difficult>1</difficult>
		<bndbox>
			<xmin>465</xmin>
			<ymin>409</ymin>
			<xmax>486</xmax>
			<ymax>454</ymax>
		</bndbox>
	</object>
	<object>
		<name>Red</name>
		<pose>Unspecified</pose>
		<truncated>0</truncated>
		<difficult>1</difficult>
		<bndbox>
			<xmin>383</xmin>
			<ymin>409</ymin>
			<xmax>404</xmax>
			<ymax>455</ymax>
		</bndbox>
	</object>
</annotation>
