<annotation verified="yes">
	<folder>sim_image</folder>
	<filename>frame1019.jpg</filename>
	<path>C:\Users\mstei\Downloads\Capstone\sim_image\frame1019.jpg</path>
	<source>
		<database>Unknown</database>
	</source>
	<size>
		<width>800</width>
		<height>600</height>
		<depth>3</depth>
	</size>
	<segmented>0</segmented>
	<object>
		<name>Red</name>
		<pose>Unspecified</pose>
		<truncated>0</truncated>
		<difficult>0</difficult>
		<bndbox>
			<xmin>364</xmin>
			<ymin>295</ymin>
			<xmax>391</xmax>
			<ymax>348</ymax>
		</bndbox>
	</object>
	<object>
		<name>Red</name>
		<pose>Unspecified</pose>
		<truncated>0</truncated>
		<difficult>0</difficult>
		<bndbox>
			<xmin>270</xmin>
			<ymin>297</ymin>
			<xmax>292</xmax>
			<ymax>347</ymax>
		</bndbox>
	</object>
	<object>
		<name>Red</name>
		<pose>Unspecified</pose>
		<truncated>0</truncated>
		<difficult>0</difficult>
		<bndbox>
			<xmin>172</xmin>
			<ymin>297</ymin>
			<xmax>193</xmax>
			<ymax>349</ymax>
		</bndbox>
	</object>
</annotation>
