<annotation verified="yes">
	<folder>sim_image</folder>
	<filename>frame1134.jpg</filename>
	<path>C:\Users\mstei\Downloads\Capstone\sim_image\frame1134.jpg</path>
	<source>
		<database>Unknown</database>
	</source>
	<size>
		<width>800</width>
		<height>600</height>
		<depth>3</depth>
	</size>
	<segmented>0</segmented>
	<object>
		<name>Red</name>
		<pose>Unspecified</pose>
		<truncated>0</truncated>
		<difficult>0</difficult>
		<bndbox>
			<xmin>453</xmin>
			<ymin>324</ymin>
			<xmax>511</xmax>
			<ymax>440</ymax>
		</bndbox>
	</object>
	<object>
		<name>Red</name>
		<pose>Unspecified</pose>
		<truncated>0</truncated>
		<difficult>0</difficult>
		<bndbox>
			<xmin>232</xmin>
			<ymin>322</ymin>
			<xmax>286</xmax>
			<ymax>431</ymax>
		</bndbox>
	</object>
	<object>
		<name>Red</name>
		<pose>Unspecified</pose>
		<truncated>0</truncated>
		<difficult>0</difficult>
		<bndbox>
			<xmin>5</xmin>
			<ymin>318</ymin>
			<xmax>59</xmax>
			<ymax>435</ymax>
		</bndbox>
	</object>
</annotation>
