<annotation verified="yes">
	<folder>sim_image</folder>
	<filename>frame1092.jpg</filename>
	<path>C:\Users\mstei\Downloads\Capstone\sim_image\frame1092.jpg</path>
	<source>
		<database>Unknown</database>
	</source>
	<size>
		<width>800</width>
		<height>600</height>
		<depth>3</depth>
	</size>
	<segmented>0</segmented>
	<object>
		<name>Yellow</name>
		<pose>Unspecified</pose>
		<truncated>0</truncated>
		<difficult>0</difficult>
		<bndbox>
			<xmin>161</xmin>
			<ymin>494</ymin>
			<xmax>179</xmax>
			<ymax>535</ymax>
		</bndbox>
	</object>
	<object>
		<name>Yellow</name>
		<pose>Unspecified</pose>
		<truncated>0</truncated>
		<difficult>0</difficult>
		<bndbox>
			<xmin>83</xmin>
			<ymin>495</ymin>
			<xmax>101</xmax>
			<ymax>535</ymax>
		</bndbox>
	</object>
	<object>
		<name>Yellow</name>
		<pose>Unspecified</pose>
		<truncated>0</truncated>
		<difficult>0</difficult>
		<bndbox>
			<xmin>2</xmin>
			<ymin>493</ymin>
			<xmax>21</xmax>
			<ymax>538</ymax>
		</bndbox>
	</object>
</annotation>
