<annotation verified="yes">
	<folder>sim_image</folder>
	<filename>frame1215.jpg</filename>
	<path>C:\Users\mstei\Downloads\Capstone\sim_image\frame1215.jpg</path>
	<source>
		<database>Unknown</database>
	</source>
	<size>
		<width>800</width>
		<height>600</height>
		<depth>3</depth>
	</size>
	<segmented>0</segmented>
	<object>
		<name>Yellow</name>
		<pose>Unspecified</pose>
		<truncated>0</truncated>
		<difficult>0</difficult>
		<bndbox>
			<xmin>663</xmin>
			<ymin>177</ymin>
			<xmax>713</xmax>
			<ymax>285</ymax>
		</bndbox>
	</object>
	<object>
		<name>Yellow</name>
		<pose>Unspecified</pose>
		<truncated>0</truncated>
		<difficult>0</difficult>
		<bndbox>
			<xmin>462</xmin>
			<ymin>181</ymin>
			<xmax>511</xmax>
			<ymax>287</ymax>
		</bndbox>
	</object>
	<object>
		<name>Yellow</name>
		<pose>Unspecified</pose>
		<truncated>0</truncated>
		<difficult>0</difficult>
		<bndbox>
			<xmin>267</xmin>
			<ymin>183</ymin>
			<xmax>311</xmax>
			<ymax>287</ymax>
		</bndbox>
	</object>
</annotation>
