<annotation verified="yes">
	<folder>sim_image</folder>
	<filename>frame111.jpg</filename>
	<path>C:\Users\mstei\Downloads\Capstone\sim_image\frame111.jpg</path>
	<source>
		<database>Unknown</database>
	</source>
	<size>
		<width>800</width>
		<height>600</height>
		<depth>3</depth>
	</size>
	<segmented>0</segmented>
	<object>
		<name>Yellow</name>
		<pose>Unspecified</pose>
		<truncated>0</truncated>
		<difficult>0</difficult>
		<bndbox>
			<xmin>359</xmin>
			<ymin>434</ymin>
			<xmax>374</xmax>
			<ymax>469</ymax>
		</bndbox>
	</object>
	<object>
		<name>Yellow</name>
		<pose>Unspecified</pose>
		<truncated>0</truncated>
		<difficult>0</difficult>
		<bndbox>
			<xmin>417</xmin>
			<ymin>436</ymin>
			<xmax>434</xmax>
			<ymax>470</ymax>
		</bndbox>
	</object>
	<object>
		<name>Yellow</name>
		<pose>Unspecified</pose>
		<truncated>0</truncated>
		<difficult>0</difficult>
		<bndbox>
			<xmin>478</xmin>
			<ymin>438</ymin>
			<xmax>492</xmax>
			<ymax>469</ymax>
		</bndbox>
	</object>
</annotation>
