<annotation verified="yes">
	<folder>sim_image</folder>
	<filename>frame1063.jpg</filename>
	<path>C:\Users\mstei\Downloads\Capstone\sim_image\frame1063.jpg</path>
	<source>
		<database>Unknown</database>
	</source>
	<size>
		<width>800</width>
		<height>600</height>
		<depth>3</depth>
	</size>
	<segmented>0</segmented>
	<object>
		<name>Green</name>
		<pose>Unspecified</pose>
		<truncated>0</truncated>
		<difficult>0</difficult>
		<bndbox>
			<xmin>382</xmin>
			<ymin>19</ymin>
			<xmax>453</xmax>
			<ymax>190</ymax>
		</bndbox>
	</object>
	<object>
		<name>Green</name>
		<pose>Unspecified</pose>
		<truncated>0</truncated>
		<difficult>0</difficult>
		<bndbox>
			<xmin>698</xmin>
			<ymin>9</ymin>
			<xmax>777</xmax>
			<ymax>183</ymax>
		</bndbox>
	</object>
</annotation>
