<annotation verified="yes">
	<folder>sim_image</folder>
	<filename>frame1194.jpg</filename>
	<path>C:\Users\mstei\Downloads\Capstone\sim_image\frame1194.jpg</path>
	<source>
		<database>Unknown</database>
	</source>
	<size>
		<width>800</width>
		<height>600</height>
		<depth>3</depth>
	</size>
	<segmented>0</segmented>
	<object>
		<name>Green</name>
		<pose>Unspecified</pose>
		<truncated>1</truncated>
		<difficult>0</difficult>
		<bndbox>
			<xmin>250</xmin>
			<ymin>1</ymin>
			<xmax>360</xmax>
			<ymax>250</ymax>
		</bndbox>
	</object>
	<object>
		<name>Green</name>
		<pose>Unspecified</pose>
		<truncated>1</truncated>
		<difficult>0</difficult>
		<bndbox>
			<xmin>712</xmin>
			<ymin>1</ymin>
			<xmax>800</xmax>
			<ymax>238</ymax>
		</bndbox>
	</object>
</annotation>
