<annotation>
	<folder>sim_image</folder>
	<filename>frame1082.jpg</filename>
	<path>C:\Users\mstei\Downloads\Capstone\sim_image\frame1082.jpg</path>
	<source>
		<database>Unknown</database>
	</source>
	<size>
		<width>800</width>
		<height>600</height>
		<depth>3</depth>
	</size>
	<segmented>0</segmented>
	<object>
		<name>Green</name>
		<pose>Unspecified</pose>
		<truncated>0</truncated>
		<difficult>1</difficult>
		<bndbox>
			<xmin>181</xmin>
			<ymin>512</ymin>
			<xmax>196</xmax>
			<ymax>543</ymax>
		</bndbox>
	</object>
	<object>
		<name>Green</name>
		<pose>Unspecified</pose>
		<truncated>0</truncated>
		<difficult>1</difficult>
		<bndbox>
			<xmin>113</xmin>
			<ymin>512</ymin>
			<xmax>128</xmax>
			<ymax>544</ymax>
		</bndbox>
	</object>
	<object>
		<name>Green</name>
		<pose>Unspecified</pose>
		<truncated>0</truncated>
		<difficult>1</difficult>
		<bndbox>
			<xmin>42</xmin>
			<ymin>510</ymin>
			<xmax>59</xmax>
			<ymax>545</ymax>
		</bndbox>
	</object>
</annotation>
