<annotation verified="yes">
	<folder>sim_image</folder>
	<filename>frame1198.jpg</filename>
	<path>C:\Users\mstei\Downloads\Capstone\sim_image\frame1198.jpg</path>
	<source>
		<database>Unknown</database>
	</source>
	<size>
		<width>800</width>
		<height>600</height>
		<depth>3</depth>
	</size>
	<segmented>0</segmented>
	<object>
		<name>Green</name>
		<pose>Unspecified</pose>
		<truncated>0</truncated>
		<difficult>0</difficult>
		<bndbox>
			<xmin>459</xmin>
			<ymin>279</ymin>
			<xmax>483</xmax>
			<ymax>336</ymax>
		</bndbox>
	</object>
	<object>
		<name>Green</name>
		<pose>Unspecified</pose>
		<truncated>0</truncated>
		<difficult>0</difficult>
		<bndbox>
			<xmin>348</xmin>
			<ymin>279</ymin>
			<xmax>370</xmax>
			<ymax>338</ymax>
		</bndbox>
	</object>
	<object>
		<name>Green</name>
		<pose>Unspecified</pose>
		<truncated>0</truncated>
		<difficult>0</difficult>
		<bndbox>
			<xmin>235</xmin>
			<ymin>278</ymin>
			<xmax>261</xmax>
			<ymax>339</ymax>
		</bndbox>
	</object>
</annotation>
