<annotation verified="yes">
	<folder>sim_image</folder>
	<filename>frame1138.jpg</filename>
	<path>C:\Users\mstei\Downloads\Capstone\sim_image\frame1138.jpg</path>
	<source>
		<database>Unknown</database>
	</source>
	<size>
		<width>800</width>
		<height>600</height>
		<depth>3</depth>
	</size>
	<segmented>0</segmented>
	<object>
		<name>Red</name>
		<pose>Unspecified</pose>
		<truncated>0</truncated>
		<difficult>0</difficult>
		<bndbox>
			<xmin>467</xmin>
			<ymin>306</ymin>
			<xmax>521</xmax>
			<ymax>431</ymax>
		</bndbox>
	</object>
	<object>
		<name>Red</name>
		<pose>Unspecified</pose>
		<truncated>0</truncated>
		<difficult>0</difficult>
		<bndbox>
			<xmin>227</xmin>
			<ymin>305</ymin>
			<xmax>282</xmax>
			<ymax>424</ymax>
		</bndbox>
	</object>
	<object>
		<name>Red</name>
		<pose>Unspecified</pose>
		<truncated>1</truncated>
		<difficult>0</difficult>
		<bndbox>
			<xmin>1</xmin>
			<ymin>302</ymin>
			<xmax>41</xmax>
			<ymax>426</ymax>
		</bndbox>
	</object>
</annotation>
