<annotation verified="yes">
	<folder>sim_image</folder>
	<filename>frame1128.jpg</filename>
	<path>C:\Users\mstei\Downloads\Capstone\sim_image\frame1128.jpg</path>
	<source>
		<database>Unknown</database>
	</source>
	<size>
		<width>800</width>
		<height>600</height>
		<depth>3</depth>
	</size>
	<segmented>0</segmented>
	<object>
		<name>Red</name>
		<pose>Unspecified</pose>
		<truncated>0</truncated>
		<difficult>0</difficult>
		<bndbox>
			<xmin>441</xmin>
			<ymin>340</ymin>
			<xmax>486</xmax>
			<ymax>440</ymax>
		</bndbox>
	</object>
	<object>
		<name>Red</name>
		<pose>Unspecified</pose>
		<truncated>0</truncated>
		<difficult>0</difficult>
		<bndbox>
			<xmin>38</xmin>
			<ymin>342</ymin>
			<xmax>84</xmax>
			<ymax>440</ymax>
		</bndbox>
	</object>
	<object>
		<name>Red</name>
		<pose>Unspecified</pose>
		<truncated>0</truncated>
		<difficult>0</difficult>
		<bndbox>
			<xmin>241</xmin>
			<ymin>339</ymin>
			<xmax>287</xmax>
			<ymax>437</ymax>
		</bndbox>
	</object>
</annotation>
