<annotation verified="yes">
	<folder>sim_image</folder>
	<filename>frame1409.jpg</filename>
	<path>C:\Users\mstei\Downloads\Capstone\sim_image\frame1409.jpg</path>
	<source>
		<database>Unknown</database>
	</source>
	<size>
		<width>800</width>
		<height>600</height>
		<depth>3</depth>
	</size>
	<segmented>0</segmented>
	<object>
		<name>Green</name>
		<pose>Unspecified</pose>
		<truncated>0</truncated>
		<difficult>0</difficult>
		<bndbox>
			<xmin>244</xmin>
			<ymin>234</ymin>
			<xmax>282</xmax>
			<ymax>317</ymax>
		</bndbox>
	</object>
	<object>
		<name>Green</name>
		<pose>Unspecified</pose>
		<truncated>0</truncated>
		<difficult>0</difficult>
		<bndbox>
			<xmin>82</xmin>
			<ymin>231</ymin>
			<xmax>119</xmax>
			<ymax>317</ymax>
		</bndbox>
	</object>
</annotation>
