<annotation verified="yes">
	<folder>sim_image</folder>
	<filename>frame1118.jpg</filename>
	<path>C:\Users\mstei\Downloads\Capstone\sim_image\frame1118.jpg</path>
	<source>
		<database>Unknown</database>
	</source>
	<size>
		<width>800</width>
		<height>600</height>
		<depth>3</depth>
	</size>
	<segmented>0</segmented>
	<object>
		<name>Red</name>
		<pose>Unspecified</pose>
		<truncated>0</truncated>
		<difficult>0</difficult>
		<bndbox>
			<xmin>172</xmin>
			<ymin>406</ymin>
			<xmax>208</xmax>
			<ymax>487</ymax>
		</bndbox>
	</object>
	<object>
		<name>Red</name>
		<pose>Unspecified</pose>
		<truncated>0</truncated>
		<difficult>0</difficult>
		<bndbox>
			<xmin>326</xmin>
			<ymin>407</ymin>
			<xmax>363</xmax>
			<ymax>483</ymax>
		</bndbox>
	</object>
	<object>
		<name>Red</name>
		<pose>Unspecified</pose>
		<truncated>0</truncated>
		<difficult>0</difficult>
		<bndbox>
			<xmin>480</xmin>
			<ymin>407</ymin>
			<xmax>515</xmax>
			<ymax>488</ymax>
		</bndbox>
	</object>
</annotation>
