<annotation verified="yes">
	<folder>sim_image</folder>
	<filename>frame1324.jpg</filename>
	<path>C:\Users\mstei\Downloads\Capstone\sim_image\frame1324.jpg</path>
	<source>
		<database>Unknown</database>
	</source>
	<size>
		<width>800</width>
		<height>600</height>
		<depth>3</depth>
	</size>
	<segmented>0</segmented>
	<object>
		<name>Red</name>
		<pose>Unspecified</pose>
		<truncated>0</truncated>
		<difficult>0</difficult>
		<bndbox>
			<xmin>577</xmin>
			<ymin>77</ymin>
			<xmax>646</xmax>
			<ymax>229</ymax>
		</bndbox>
	</object>
	<object>
		<name>Red</name>
		<pose>Unspecified</pose>
		<truncated>0</truncated>
		<difficult>0</difficult>
		<bndbox>
			<xmin>297</xmin>
			<ymin>80</ymin>
			<xmax>361</xmax>
			<ymax>228</ymax>
		</bndbox>
	</object>
	<object>
		<name>Red</name>
		<pose>Unspecified</pose>
		<truncated>0</truncated>
		<difficult>0</difficult>
		<bndbox>
			<xmin>12</xmin>
			<ymin>82</ymin>
			<xmax>82</xmax>
			<ymax>231</ymax>
		</bndbox>
	</object>
</annotation>
