<annotation verified="yes">
	<folder>sim_image</folder>
	<filename>frame1029.jpg</filename>
	<path>C:\Users\mstei\Downloads\Capstone\sim_image\frame1029.jpg</path>
	<source>
		<database>Unknown</database>
	</source>
	<size>
		<width>800</width>
		<height>600</height>
		<depth>3</depth>
	</size>
	<segmented>0</segmented>
	<object>
		<name>Green</name>
		<pose>Unspecified</pose>
		<truncated>0</truncated>
		<difficult>0</difficult>
		<bndbox>
			<xmin>268</xmin>
			<ymin>267</ymin>
			<xmax>293</xmax>
			<ymax>329</ymax>
		</bndbox>
	</object>
	<object>
		<name>Green</name>
		<pose>Unspecified</pose>
		<truncated>0</truncated>
		<difficult>0</difficult>
		<bndbox>
			<xmin>387</xmin>
			<ymin>267</ymin>
			<xmax>415</xmax>
			<ymax>329</ymax>
		</bndbox>
	</object>
	<object>
		<name>Green</name>
		<pose>Unspecified</pose>
		<truncated>0</truncated>
		<difficult>0</difficult>
		<bndbox>
			<xmin>509</xmin>
			<ymin>264</ymin>
			<xmax>537</xmax>
			<ymax>329</ymax>
		</bndbox>
	</object>
</annotation>
