<annotation verified="yes">
	<folder>sim_image</folder>
	<filename>frame1286.jpg</filename>
	<path>C:\Users\mstei\Downloads\Capstone\sim_image\frame1286.jpg</path>
	<source>
		<database>Unknown</database>
	</source>
	<size>
		<width>800</width>
		<height>600</height>
		<depth>3</depth>
	</size>
	<segmented>0</segmented>
	<object>
		<name>Yellow</name>
		<pose>Unspecified</pose>
		<truncated>0</truncated>
		<difficult>0</difficult>
		<bndbox>
			<xmin>537</xmin>
			<ymin>117</ymin>
			<xmax>599</xmax>
			<ymax>252</ymax>
		</bndbox>
	</object>
	<object>
		<name>Yellow</name>
		<pose>Unspecified</pose>
		<truncated>0</truncated>
		<difficult>0</difficult>
		<bndbox>
			<xmin>287</xmin>
			<ymin>119</ymin>
			<xmax>347</xmax>
			<ymax>252</ymax>
		</bndbox>
	</object>
	<object>
		<name>Yellow</name>
		<pose>Unspecified</pose>
		<truncated>0</truncated>
		<difficult>0</difficult>
		<bndbox>
			<xmin>36</xmin>
			<ymin>120</ymin>
			<xmax>95</xmax>
			<ymax>254</ymax>
		</bndbox>
	</object>
</annotation>
