<annotation verified="yes">
	<folder>sim_image</folder>
	<filename>frame1113.jpg</filename>
	<path>C:\Users\mstei\Downloads\Capstone\sim_image\frame1113.jpg</path>
	<source>
		<database>Unknown</database>
	</source>
	<size>
		<width>800</width>
		<height>600</height>
		<depth>3</depth>
	</size>
	<segmented>0</segmented>
	<object>
		<name>Red</name>
		<pose>Unspecified</pose>
		<truncated>0</truncated>
		<difficult>0</difficult>
		<bndbox>
			<xmin>102</xmin>
			<ymin>429</ymin>
			<xmax>130</xmax>
			<ymax>497</ymax>
		</bndbox>
	</object>
	<object>
		<name>Red</name>
		<pose>Unspecified</pose>
		<truncated>0</truncated>
		<difficult>0</difficult>
		<bndbox>
			<xmin>232</xmin>
			<ymin>427</ymin>
			<xmax>261</xmax>
			<ymax>498</ymax>
		</bndbox>
	</object>
</annotation>
