<annotation verified="yes">
	<folder>sim_image</folder>
	<filename>frame1098.jpg</filename>
	<path>C:\Users\mstei\Downloads\Capstone\sim_image\frame1098.jpg</path>
	<source>
		<database>Unknown</database>
	</source>
	<size>
		<width>800</width>
		<height>600</height>
		<depth>3</depth>
	</size>
	<segmented>0</segmented>
	<object>
		<name>Yellow</name>
		<pose>Unspecified</pose>
		<truncated>0</truncated>
		<difficult>0</difficult>
		<bndbox>
			<xmin>202</xmin>
			<ymin>486</ymin>
			<xmax>219</xmax>
			<ymax>533</ymax>
		</bndbox>
	</object>
	<object>
		<name>Yellow</name>
		<pose>Unspecified</pose>
		<truncated>0</truncated>
		<difficult>0</difficult>
		<bndbox>
			<xmin>116</xmin>
			<ymin>484</ymin>
			<xmax>134</xmax>
			<ymax>531</ymax>
		</bndbox>
	</object>
	<object>
		<name>Yellow</name>
		<pose>Unspecified</pose>
		<truncated>0</truncated>
		<difficult>0</difficult>
		<bndbox>
			<xmin>29</xmin>
			<ymin>484</ymin>
			<xmax>45</xmax>
			<ymax>529</ymax>
		</bndbox>
	</object>
</annotation>
