<annotation verified="yes">
	<folder>sim_image</folder>
	<filename>frame1087.jpg</filename>
	<path>C:\Users\mstei\Downloads\Capstone\sim_image\frame1087.jpg</path>
	<source>
		<database>Unknown</database>
	</source>
	<size>
		<width>800</width>
		<height>600</height>
		<depth>3</depth>
	</size>
	<segmented>0</segmented>
	<object>
		<name>Green</name>
		<pose>Unspecified</pose>
		<truncated>0</truncated>
		<difficult>1</difficult>
		<bndbox>
			<xmin>170</xmin>
			<ymin>502</ymin>
			<xmax>189</xmax>
			<ymax>540</ymax>
		</bndbox>
	</object>
	<object>
		<name>Green</name>
		<pose>Unspecified</pose>
		<truncated>0</truncated>
		<difficult>1</difficult>
		<bndbox>
			<xmin>97</xmin>
			<ymin>502</ymin>
			<xmax>115</xmax>
			<ymax>541</ymax>
		</bndbox>
	</object>
	<object>
		<name>Green</name>
		<pose>Unspecified</pose>
		<truncated>0</truncated>
		<difficult>1</difficult>
		<bndbox>
			<xmin>22</xmin>
			<ymin>500</ymin>
			<xmax>41</xmax>
			<ymax>542</ymax>
		</bndbox>
	</object>
</annotation>
