<annotation verified="yes">
	<folder>sim_image</folder>
	<filename>frame1214.jpg</filename>
	<path>C:\Users\mstei\Downloads\Capstone\sim_image\frame1214.jpg</path>
	<source>
		<database>Unknown</database>
	</source>
	<size>
		<width>800</width>
		<height>600</height>
		<depth>3</depth>
	</size>
	<segmented>0</segmented>
	<object>
		<name>Yellow</name>
		<pose>Unspecified</pose>
		<truncated>0</truncated>
		<difficult>0</difficult>
		<bndbox>
			<xmin>673</xmin>
			<ymin>186</ymin>
			<xmax>717</xmax>
			<ymax>286</ymax>
		</bndbox>
	</object>
	<object>
		<name>Yellow</name>
		<pose>Unspecified</pose>
		<truncated>0</truncated>
		<difficult>0</difficult>
		<bndbox>
			<xmin>480</xmin>
			<ymin>189</ymin>
			<xmax>522</xmax>
			<ymax>289</ymax>
		</bndbox>
	</object>
	<object>
		<name>Yellow</name>
		<pose>Unspecified</pose>
		<truncated>0</truncated>
		<difficult>0</difficult>
		<bndbox>
			<xmin>292</xmin>
			<ymin>190</ymin>
			<xmax>334</xmax>
			<ymax>288</ymax>
		</bndbox>
	</object>
</annotation>
