<annotation verified="yes">
	<folder>sim_image</folder>
	<filename>frame1101.jpg</filename>
	<path>C:\Users\mstei\Downloads\Capstone\sim_image\frame1101.jpg</path>
	<source>
		<database>Unknown</database>
	</source>
	<size>
		<width>800</width>
		<height>600</height>
		<depth>3</depth>
	</size>
	<segmented>0</segmented>
	<object>
		<name>Yellow</name>
		<pose>Unspecified</pose>
		<truncated>0</truncated>
		<difficult>0</difficult>
		<bndbox>
			<xmin>249</xmin>
			<ymin>476</ymin>
			<xmax>270</xmax>
			<ymax>528</ymax>
		</bndbox>
	</object>
	<object>
		<name>Yellow</name>
		<pose>Unspecified</pose>
		<truncated>0</truncated>
		<difficult>0</difficult>
		<bndbox>
			<xmin>155</xmin>
			<ymin>475</ymin>
			<xmax>176</xmax>
			<ymax>524</ymax>
		</bndbox>
	</object>
	<object>
		<name>Yellow</name>
		<pose>Unspecified</pose>
		<truncated>0</truncated>
		<difficult>0</difficult>
		<bndbox>
			<xmin>60</xmin>
			<ymin>474</ymin>
			<xmax>78</xmax>
			<ymax>524</ymax>
		</bndbox>
	</object>
</annotation>
