<annotation verified="yes">
	<folder>sim_image</folder>
	<filename>frame1205.jpg</filename>
	<path>C:\Users\mstei\Downloads\Capstone\sim_image\frame1205.jpg</path>
	<source>
		<database>Unknown</database>
	</source>
	<size>
		<width>800</width>
		<height>600</height>
		<depth>3</depth>
	</size>
	<segmented>0</segmented>
	<object>
		<name>Green</name>
		<pose>Unspecified</pose>
		<truncated>0</truncated>
		<difficult>0</difficult>
		<bndbox>
			<xmin>626</xmin>
			<ymin>242</ymin>
			<xmax>660</xmax>
			<ymax>314</ymax>
		</bndbox>
	</object>
	<object>
		<name>Green</name>
		<pose>Unspecified</pose>
		<truncated>1</truncated>
		<difficult>0</difficult>
		<bndbox>
			<xmin>768</xmin>
			<ymin>239</ymin>
			<xmax>800</xmax>
			<ymax>312</ymax>
		</bndbox>
	</object>
</annotation>
