<annotation verified="yes">
	<folder>sim_image</folder>
	<filename>frame1122.jpg</filename>
	<path>C:\Users\mstei\Downloads\Capstone\sim_image\frame1122.jpg</path>
	<source>
		<database>Unknown</database>
	</source>
	<size>
		<width>800</width>
		<height>600</height>
		<depth>3</depth>
	</size>
	<segmented>0</segmented>
	<object>
		<name>Red</name>
		<pose>Unspecified</pose>
		<truncated>0</truncated>
		<difficult>0</difficult>
		<bndbox>
			<xmin>79</xmin>
			<ymin>382</ymin>
			<xmax>120</xmax>
			<ymax>472</ymax>
		</bndbox>
	</object>
	<object>
		<name>Red</name>
		<pose>Unspecified</pose>
		<truncated>0</truncated>
		<difficult>0</difficult>
		<bndbox>
			<xmin>249</xmin>
			<ymin>385</ymin>
			<xmax>293</xmax>
			<ymax>473</ymax>
		</bndbox>
	</object>
	<object>
		<name>Red</name>
		<pose>Unspecified</pose>
		<truncated>0</truncated>
		<difficult>0</difficult>
		<bndbox>
			<xmin>420</xmin>
			<ymin>381</ymin>
			<xmax>464</xmax>
			<ymax>474</ymax>
		</bndbox>
	</object>
</annotation>
