<annotation verified="yes">
	<folder>sim_image</folder>
	<filename>frame1292.jpg</filename>
	<path>C:\Users\mstei\Downloads\Capstone\sim_image\frame1292.jpg</path>
	<source>
		<database>Unknown</database>
	</source>
	<size>
		<width>800</width>
		<height>600</height>
		<depth>3</depth>
	</size>
	<segmented>0</segmented>
	<object>
		<name>Yellow</name>
		<pose>Unspecified</pose>
		<truncated>0</truncated>
		<difficult>0</difficult>
		<bndbox>
			<xmin>539</xmin>
			<ymin>117</ymin>
			<xmax>598</xmax>
			<ymax>251</ymax>
		</bndbox>
	</object>
	<object>
		<name>Yellow</name>
		<pose>Unspecified</pose>
		<truncated>0</truncated>
		<difficult>0</difficult>
		<bndbox>
			<xmin>290</xmin>
			<ymin>117</ymin>
			<xmax>345</xmax>
			<ymax>253</ymax>
		</bndbox>
	</object>
	<object>
		<name>Yellow</name>
		<pose>Unspecified</pose>
		<truncated>0</truncated>
		<difficult>0</difficult>
		<bndbox>
			<xmin>35</xmin>
			<ymin>119</ymin>
			<xmax>96</xmax>
			<ymax>254</ymax>
		</bndbox>
	</object>
</annotation>
