<annotation verified="yes">
	<folder>sim_image</folder>
	<filename>frame1133.jpg</filename>
	<path>C:\Users\mstei\Downloads\Capstone\sim_image\frame1133.jpg</path>
	<source>
		<database>Unknown</database>
	</source>
	<size>
		<width>800</width>
		<height>600</height>
		<depth>3</depth>
	</size>
	<segmented>0</segmented>
	<object>
		<name>Red</name>
		<pose>Unspecified</pose>
		<truncated>0</truncated>
		<difficult>0</difficult>
		<bndbox>
			<xmin>450</xmin>
			<ymin>327</ymin>
			<xmax>510</xmax>
			<ymax>434</ymax>
		</bndbox>
	</object>
	<object>
		<name>Red</name>
		<pose>Unspecified</pose>
		<truncated>0</truncated>
		<difficult>0</difficult>
		<bndbox>
			<xmin>230</xmin>
			<ymin>324</ymin>
			<xmax>287</xmax>
			<ymax>436</ymax>
		</bndbox>
	</object>
	<object>
		<name>Red</name>
		<pose>Unspecified</pose>
		<truncated>0</truncated>
		<difficult>0</difficult>
		<bndbox>
			<xmin>7</xmin>
			<ymin>320</ymin>
			<xmax>60</xmax>
			<ymax>442</ymax>
		</bndbox>
	</object>
</annotation>
