<annotation verified="yes">
	<folder>sim_image</folder>
	<filename>frame1042.jpg</filename>
	<path>C:\Users\mstei\Downloads\Capstone\sim_image\frame1042.jpg</path>
	<source>
		<database>Unknown</database>
	</source>
	<size>
		<width>800</width>
		<height>600</height>
		<depth>3</depth>
	</size>
	<segmented>0</segmented>
	<object>
		<name>Green</name>
		<pose>Unspecified</pose>
		<truncated>0</truncated>
		<difficult>0</difficult>
		<bndbox>
			<xmin>288</xmin>
			<ymin>218</ymin>
			<xmax>322</xmax>
			<ymax>304</ymax>
		</bndbox>
	</object>
	<object>
		<name>Green</name>
		<pose>Unspecified</pose>
		<truncated>0</truncated>
		<difficult>0</difficult>
		<bndbox>
			<xmin>449</xmin>
			<ymin>215</ymin>
			<xmax>487</xmax>
			<ymax>302</ymax>
		</bndbox>
	</object>
	<object>
		<name>Green</name>
		<pose>Unspecified</pose>
		<truncated>0</truncated>
		<difficult>0</difficult>
		<bndbox>
			<xmin>615</xmin>
			<ymin>213</ymin>
			<xmax>656</xmax>
			<ymax>302</ymax>
		</bndbox>
	</object>
</annotation>
